oznaka,ime_podjetja,borza,drzava,sektor,cena,mesto
VLT,Invesco High Income Trust II,NYSE,Mexico,n/a,$9822.73,Santa Cruz
BITA,Bitauto Holdings Limited,NYSE,Venezuela,Technology,¥710.85,Tucupita
KSM,Scudder Strategic Municiple Income Trust,NYSE,Norway,n/a,€5256.65,Mosjøen
BAK,Braskem S.A.,NYSE,Peru,Basic Industries,£6149.88,Tabalosos
"CRZO,""Carrizo Oil & Gas, Inc."",NASDAQ,Ukraine,Energy,$1267.33,Korniyivka"
STC,Stewart Information Services Corporation,NYSE,Indonesia,Finance,¥10.68,Maikawada
"ESRX,Express Scripts Holding Company,NASDAQ,Poland,Health Care,""€334,94"",Giedlarowa"
"PSDO,""Presidio, Inc."",NASDAQ,Poland,Technology,""€9303,88"",Kowary"
"AGZD,WisdomTree Barclays Interest Rate Hedged U.S. Aggregate Bond F,NASDAQ,China,n/a,""€7680,06"",Shazhenxi"
"GSUM,Gridsum Holding Inc.,NASDAQ,Russia,Technology,""€6073,10"",Nagornyy"
LINC,Lincoln Educational Services Corporation,NASDAQ,Ukraine,Consumer Services,£5796.23,Karolino-Buhaz
"GPRO,""GoPro, Inc."",NASDAQ,Greece,Miscellaneous,¥250.05,Ayía Triás"
CFCO,CF Corporation,NASDAQ,China,Finance,£5209.52,Tuodian
"AMCX,AMC Networks Inc.,NASDAQ,China,Consumer Services,""€4971,54"",Siheyuan"
"WSTG,""Wayside Technology Group, Inc."",NASDAQ,Tanzania,Technology,¥7167.81,Tabora"
MZF,Managed Duration Investment Grade Municipal Fund,NYSE,Indonesia,n/a,£1918.65,Madur
"JMBA,""Jamba, Inc."",NASDAQ,Afghanistan,Consumer Services,£2649.22,Manogay"
"BOFIL,""BofI Holding, Inc."",NASDAQ,Ireland,Finance,""€148,31"",Ballinteer"
"PPIH,""Perma-Pipe International Holdings, Inc."",NASDAQ,Albania,Capital Goods,£6198.21,Vlorë"
NEA,Nuveen AMT-Free Quality Municipal Income Fund,NYSE,China,n/a,$966.76,Huanghai
"FMSA,Fairmount Santrol Holdings Inc.,NYSE,Sweden,Basic Industries,""€7969,48"",Karlstad"
"DORM,""Dorman Products, Inc."",NASDAQ,Sweden,Capital Goods,£6515.34,Nyköping"
"CNP,""CenterPoint Energy, Inc."",NYSE,Philippines,Public Utilities,£8889.99,Calape"
"MBII,""Marrone Bio Innovations, Inc."",NASDAQ,Central African Republic,Basic Industries,£2418.45,Birao"
STAR^D,iStar Financial Inc.,NYSE,Morocco,n/a,£8741.41,Oulmes
"PBCT,""People's United Financial, Inc."",NASDAQ,Sweden,Finance,¥7180.42,Kumla"
PERY,Perry Ellis International Inc.,NASDAQ,Indonesia,Consumer Non-Durables,£7758.81,Muaralembu
ABB,ABB Ltd,NYSE,Brazil,Consumer Durables,£5013.41,Macapá
"BCTF,""Bancorp 34, Inc."",NASDAQ,Indonesia,Finance,£7348.87,Sebuku"
"EXFO,EXFO Inc,NASDAQ,Indonesia,Capital Goods,""€9564,47"",Wahai"
WIW,Western Asset/Claymore U.S Treasury Inflation Prot Secs Fd 2,NYSE,Samoa,n/a,£7096.13,Safotu
FYX,First Trust Small Cap Core AlphaDEX Fund,NASDAQ,Afghanistan,n/a,£3379.56,Paghmān
SRE,Sempra Energy,NYSE,China,Public Utilities,£1993.48,Pozhang
EXR,Extra Space Storage Inc,NYSE,China,Consumer Services,¥6469.85,Shazhou
OZM,Och-Ziff Capital Management Group LLC,NYSE,China,Finance,¥22.02,Heping
"JSM,Navient Corporation,NASDAQ,Germany,Finance,""€6465,92"",Leipzig"
"EGHT,8x8 Inc,NASDAQ,Philippines,Public Utilities,""€673,93"",Telbang"
"INSW,""International Seaways, Inc."",NYSE,Philippines,Consumer Services,¥1038.81,Paldit"
"MD,""Mednax, Inc"",NYSE,Canada,Health Care,$3798.19,L'Épiphanie"
"PBBI,""PB Bancorp, Inc."",NASDAQ,Sweden,Finance,£2799.96,Hammarö"
VWR,VWR Corporation,NASDAQ,Colombia,Consumer Durables,£5678.49,El Banco
ENZY          ,Enzymotec Ltd.,NASDAQ,Croatia,Consumer Durables,¥5936.27,Posedarje
"NKE,""Nike, Inc."",NYSE,Portugal,Consumer Non-Durables,¥1739.39,Figueira"
ABC,AmerisourceBergen Corporation (Holding Co),NYSE,China,Health Care,$6535.35,Yuankeng
"HHC,Howard Hughes Corporation (The),NYSE,Germany,Consumer Services,""€7125,08"",Hamburg Sankt Pauli"
SFL,Ship Finance International Limited,NYSE,Zambia,Transportation,$5135.42,Monze
ZTO,ZTO Express (Cayman) Inc.,NYSE,Indonesia,Transportation,£8634.69,Citeureup
"RT,""Ruby Tuesday, Inc."",NYSE,United States,Consumer Services,£7424.07,San Diego"
"PID,PowerShares International Dividend Achievers Portfolio,NASDAQ,Portugal,n/a,""€6908,07"",Quintã"
SBLKL,Star Bulk Carriers Corp.,NASDAQ,Bosnia and Herzegovina,Transportation,¥2555.57,Pećigrad
FMY,First Trust,NYSE,Indonesia,n/a,$9259.10,Jembatandua
"MGI,""Moneygram International, Inc."",NASDAQ,China,Miscellaneous,£1991.52,Jin’e"
"GBAB,Guggenheim Taxable Municipal Managed Duration Trst,NYSE,Bosnia and Herzegovina,n/a,""€7399,61"",Glamoč"
WING,Wingstop Inc.,NASDAQ,China,Consumer Services,£1750.93,Shifo
PSA^E,Public Storage,NYSE,Philippines,Consumer Services,¥2432.45,Limbaan
RRC,Range Resources Corporation,NYSE,Mexico,Energy,¥4051.81,Guadalupe
HCLP,Hi-Crush Partners LP,NYSE,New Zealand,Basic Industries,$2978.22,Kerikeri
"GTYH,""GTY Technology Holdings, Inc."",NASDAQ,Poland,Finance,""€6025,46"",Czerwin"
L,Loews Corporation,NYSE,China,Finance,£333.29,Diaopu
"CHEF,""The Chefs' Warehouse, Inc."",NASDAQ,Russia,Consumer Non-Durables,£8823.81,Kharovsk"
"WCST,""Wecast Network, Inc."",NASDAQ,Indonesia,Consumer Services,£5505.01,Pesagen"
"FLL,""Full House Resorts, Inc."",NASDAQ,Indonesia,Consumer Services,£8384.91,Aelande"
"PBHC,""Pathfinder Bancorp, Inc."",NASDAQ,Brazil,Finance,£4029.06,Caçapava do Sul"
ACV,AllianzGI Diversified Income & Convertible Fund,NYSE,Russia,n/a,£4416.66,Bryansk
ABR^A,Arbor Realty Trust,NYSE,Poland,n/a,¥7085.08,Dzikowiec
"UBS,UBS AG,NYSE,Sweden,Finance,""€8754,22"",Huddinge"
"HIMX,""Himax Technologies, Inc."",NASDAQ,France,Technology,$2636.85,Longjumeau"
JMU,JMU Limited,NASDAQ,China,Technology,¥3884.91,Shimen
ZSAN,Zosano Pharma Corporation,NASDAQ,Finland,Health Care,$4695.05,Muonio
"CSGS,""CSG Systems International, Inc."",NASDAQ,Russia,Technology,¥3167.59,Sovetskaya"
"INFO,IHS Markit Ltd.,NASDAQ,Czech Republic,Technology,""€4966,13"",Staré Křečany"
"SHO^E,""Sunstone Hotel Investors, Inc."",NYSE,Brazil,n/a,$6458.43,Capanema"
OFS,OFS Capital Corporation,NASDAQ,Mexico,n/a,¥5658.35,Lindavista
"OLP,""One Liberty Properties, Inc."",NYSE,Brazil,Consumer Services,$3066.44,Cacoal"
TECD,Tech Data Corporation,NASDAQ,South Africa,Technology,£6925.33,Hennenman
"GSHT,""Gores Holdings II, Inc."",NASDAQ,United States,Finance,$5428.01,Des Moines"
FIXD,First Trust TCW Opportunistic Fixed Income ETF,NASDAQ,Thailand,n/a,$1984.74,Tan Sum
"PUK,Prudential Public Limited Company,NYSE,Syria,Finance,""€4807,43"",Duraykīsh"
CSF,VictoryShares US Discovery Enhanced Volatility Wtd ETF,NASDAQ,Estonia,n/a,£7961.49,Viljandi
"XGTI,""XG Technology, Inc"",NASDAQ,Madagascar,Consumer Durables,$1938.68,Ambatofinandrahana"
"DHI,""D.R. Horton, Inc."",NYSE,Mongolia,Capital Goods,$2486.44,Buga"
"SOR,""Source Capital, Inc."",NYSE,Poland,n/a,$7478.37,Czeremcha"
NBN,Northeast Bancorp,NASDAQ,Russia,Finance,¥5888.72,Verkhnevilyuysk
"JCAP,""Jernigan Capital, Inc."",NYSE,Poland,Consumer Services,¥9391.88,Dębowa Łąka"
GKOS,Glaukos Corporation,NYSE,China,Health Care,$5.86,Wuning
"IIJI,""Internet Initiative Japan, Inc."",NASDAQ,China,Technology,$6882.97,Jiamiao"
"PRTK,""Paratek Pharmaceuticals, Inc. "",NASDAQ,Ukraine,Health Care,""€8568,04"",Aleksandrovka"
AVGO,Broadcom Limited,NASDAQ,United States,Technology,$6383.07,Albuquerque
"CLUB,""Town Sports International Holdings, Inc."",NASDAQ,Czech Republic,Consumer Services,""€7767,48"",Okrouhlice"
INAP,Internap Corporation,NASDAQ,Philippines,Technology,¥9185.93,Sapadun
MCHI,iShares MSCI China ETF,NASDAQ,Brazil,n/a,£9341.45,Pimenta Bueno
VBFC,Village Bank and Trust Financial Corp.,NASDAQ,Ukraine,Finance,$2093.06,Mirovka
"LAWS,""Lawson Products, Inc."",NASDAQ,Albania,Consumer Durables,¥6365.54,Voskop"
"CSS,""CSS Industries, Inc."",NYSE,Indonesia,Consumer Services,""€414,56"",Kebonkai"
"DGICA,""Donegal Group, Inc."",NASDAQ,Brazil,Finance,¥5412.58,São João del Rei"
ROSG,Rosetta Genomics Ltd.,NASDAQ,Nigeria,Health Care,$2921.44,Okigwi
FMCI,Forum Merger Corporation,NASDAQ,Thailand,Finance,$6393.93,Ban Phaeo
VIIZ,VelocityShares VIX Medium-Term ETN,NASDAQ,China,Finance,$9702.80,Zhangyelu
FTXD,First Trust Nasdaq Retail ETF,NASDAQ,Indonesia,n/a,£1539.72,Doko
"AGFSW,""AgroFresh Solutions, Inc."",NASDAQ,Lithuania,Finance,£9443.12,Kretinga"
"CHUY,""Chuy's Holdings, Inc."",NASDAQ,Portugal,Consumer Services,$2643.20,Vila Nova"
CIG.C,Comp En De Mn Cemig ADS,NYSE,Malaysia,n/a,¥5272.77,Johor Bahru
ASRVP,AmeriServ Financial Inc.,NASDAQ,Indonesia,Finance,¥7208.53,Cikupa
"PGTI,""PGT Innovations, Inc."",NYSE,China,Capital Goods,""€3325,04"",Daping"
"HEP,""Holly Energy Partners, L.P."",NYSE,Indonesia,Energy,¥9508.98,Narawayong"
JBN,Select Asset Inc.,NYSE,Venezuela,Finance,$560.24,Palmasola
"JNPR,""Juniper Networks, Inc."",NYSE,United States,Technology,£7689.13,Detroit"
"HQY,""HealthEquity, Inc."",NASDAQ,United States,Miscellaneous,£4432.14,Richmond"
"LEJU,Leju Holdings Limited,NYSE,Peru,Finance,""€8726,41"",Susapaya"
"CHH,""Choice Hotels International, Inc."",NYSE,Indonesia,Consumer Services,$6079.06,Madura"
STFC,State Auto Financial Corporation,NASDAQ,China,Finance,£6700.56,Dongxiang
SBNB,Scorpio Tankers Inc.,NYSE,Portugal,Transportation,£1307.44,Casais Brancos
"ETJ,Eaton Vance Risk-Managed Diversified Equity Income Fund,NYSE,Russia,n/a,""€1038,58"",Perelyub"
JHD,Nuveen High Income December 2019 Target Term Fund,NYSE,China,n/a,¥8507.11,Tuchengzi
SHIP,Seanergy Maritime Holdings Corp,NASDAQ,Ukraine,Transportation,$3820.90,Borzna
"FDS,FactSet Research Systems Inc.,NYSE,Argentina,Technology,""€8013,71"",La Viña"
"ALE,""Allete, Inc."",NYSE,Palestinian Territory,Public Utilities,£8728.72,An Naşşārīyah"
"ERA,""Era Group, Inc."",NYSE,Portugal,Transportation,$1064.45,Pinhal General"
"OBLN,""Obalon Therapeutics, Inc."",NASDAQ,Indonesia,Health Care,$4441.47,Kambatatamakawu"
"CHEF,""The Chefs' Warehouse, Inc."",NASDAQ,Philippines,Consumer Non-Durables,¥5215.35,Dapdap"
"MTP,Midatech Pharma PLC,NASDAQ,Thailand,Health Care,""€5211,48"",Phanom Sarakham"
"AFSI^A,""AmTrust Financial Services, Inc."",NYSE,Poland,n/a,¥5544.00,Bojano"
SRET,Global X SuperDividend REIT ETF,NASDAQ,Poland,n/a,$5271.24,Namysłów
HEI,Heico Corporation,NYSE,Indonesia,Capital Goods,$5129.63,Pojok
"WHR,Whirlpool Corporation,NYSE,China,Consumer Durables,""€5427,16"",Wufeng"
"AMMA,""Alliance MMA, Inc."",NASDAQ,Russia,Consumer Services,""€5103,47"",Yumaguzino"
"NVFY,""Nova Lifestyle, Inc"",NASDAQ,China,Consumer Durables,$8181.58,Mubo"
UNP,Union Pacific Corporation,NYSE,Argentina,Transportation,£8748.33,Apóstoles
MATR,Mattersight Corporation,NASDAQ,Estonia,Technology,£4192.76,Räpina
IEP,Icahn Enterprises L.P.,NASDAQ,China,Capital Goods,£3676.83,Yuanling
"DEI,""Douglas Emmett, Inc."",NYSE,United States,Consumer Services,""€8947,83"",Washington"
TRST,TrustCo Bank Corp NY,NASDAQ,Indonesia,Finance,$2414.26,Madette
KAI,Kadant Inc,NYSE,Democratic Republic of the Congo,Technology,¥7140.75,Kongolo
MFINL,Medallion Financial Corp.,NASDAQ,China,Finance,$6284.96,Xiadian
"SFS,Smart,NYSE,Azerbaijan,Consumer Services,""€617,34"",Saatlı"
"PDEX,""Pro-Dex, Inc."",NASDAQ,Zambia,Health Care,£9360.89,Luanshya"
EPE,EP Energy Corporation,NYSE,Haiti,Energy,¥6313.53,Cerca la Source
C^S,Citigroup Inc.,NYSE,China,n/a,£8913.13,Daxing
"SAN^I,""Banco Santander, S.A."",NYSE,Indonesia,n/a,¥2748.75,Cigaluh"
"ESIO,""Electro Scientific Industries, Inc."",NASDAQ,China,Miscellaneous,£1122.88,Hoxtolgay"
AYI,Acuity Brands Inc,NYSE,Greece,Consumer Durables,£8908.34,Fotolívos
"HBANO,Huntington Bancshares Incorporated,NASDAQ,Colombia,Finance,""€5880,10"",Combita"
RIG,Transocean Ltd.,NYSE,Thailand,Energy,$1504.72,Ban Phan Don
"GEC,""Great Elm Capital Group, Inc. "",NASDAQ,Portugal,Technology,¥9238.33,Murça"
SEMG,Semgroup Corporation,NYSE,Palestinian Territory,Energy,$5426.49,Wādī as Salqā
MASI,Masimo Corporation,NASDAQ,China,Health Care,$4137.72,Dawang
SNP,China Petroleum & Chemical Corporation,NYSE,Russia,Energy,£1509.51,Obsharovka
"MMSI,""Merit Medical Systems, Inc."",NASDAQ,Tanzania,Health Care,¥6639.42,Madimba"
"IPAS,iPass Inc.,NASDAQ,Pakistan,Technology,""€6117,52"",Garhi Khairo"
"MDVX,Medovex Corp.,NASDAQ,Uganda,Health Care,""€3359,67"",Kamwenge"
"GPIAU,GP Investments Acquisition Corp.,NASDAQ,China,Consumer Durables,""€3881,85"",Juexi"
MED,MEDIFAST INC,NYSE,China,Consumer Non-Durables,$2212.42,Tuodian
"SBOW,""SilverBow Resorces, Inc."",NYSE,China,Energy,¥1873.52,Shuangmiao"
JDD,Nuveen Diversified Dividend and Income Fund,NYSE,China,n/a,£6515.43,Huangcaotuo
SPGI,S&P Global Inc.,NYSE,China,Finance,$5795.98,Liulin
"BNFT,""Benefitfocus, Inc."",NASDAQ,Vietnam,Technology,""€5766,06"",Phú Khương"
"SSKN,""Strata Skin Sciences, Inc."",NASDAQ,Brazil,Health Care,""€566,98"",São Sebastião do Passé"
"BAS,""Basic Energy Services, Inc."",NYSE,Paraguay,Energy,$4894.02,Altos"
"NOW,""ServiceNow, Inc."",NYSE,United States,Technology,¥640.71,Marietta"
"CIE,""Cobalt International Energy, Inc."",NYSE,Indonesia,Energy,¥7058.37,Jawa"
"ARIS,""ARI Network Services, Inc."",NASDAQ,Poland,Technology,$5394.96,Skomlin"
IRMD,iRadimed Corporation,NASDAQ,Philippines,Health Care,$6949.15,Bolong
"NCA,""Nuveen California Municipal Value Fund, Inc."",NYSE,Russia,n/a,""€9632,37"",Klimovsk"
"ISNS,""Image Sensing Systems, Inc."",NASDAQ,Indonesia,Capital Goods,¥588.56,Bedayutalang"
GPX,GP Strategies Corporation,NYSE,China,Consumer Services,£5306.40,Datang
SSB,South State Corporation,NASDAQ,Philippines,Finance,¥8668.51,Vizal San Pablo
"CBPX,""Continental Building Products, Inc."",NYSE,China,Capital Goods,£6573.63,Chahe"
"PF,""Pinnacle Foods, Inc."",NYSE,Venezuela,Consumer Non-Durables,¥6036.24,Tía Juana"
"KAR,""KAR Auction Services, Inc"",NYSE,Uzbekistan,Consumer Durables,$4354.81,G’uzor"
USOI,Credit Suisse AG,NASDAQ,Philippines,Finance,¥6983.74,Vallehermoso
"VTGN,""VistaGen Therapeutics, Inc."",NASDAQ,Peru,Health Care,£912.62,Acopampa"
"CHUBA,""CommerceHub, Inc."",NASDAQ,Mexico,Technology,$3660.66,Independencia"
DLBL,iPath US Treasury Long Bond Bull ETN,NASDAQ,Sweden,Finance,£680.59,Göteborg
AGNCB,AGNC Investment Corp.,NASDAQ,Isle of Man,Consumer Services,£7213.09,Laxey
SVU,SuperValu Inc.,NYSE,Brazil,Consumer Non-Durables,£4219.41,Ipauçu
"ELF,""e.l.f. Beauty, Inc."",NYSE,China,Consumer Non-Durables,$3482.65,Guicheng"
"VRSK,""Verisk Analytics, Inc."",NASDAQ,Russia,Technology,$4761.69,Urengoy"
"CTL,""CenturyLink, Inc."",NYSE,Japan,Public Utilities,£4667.26,Nagasaki-shi"
"CJJD,""China Jo-Jo Drugstores, Inc."",NASDAQ,Italy,Consumer Durables,£7347.05,Padova"
"ONDK,""On Deck Capital, Inc."",NYSE,China,Finance,¥7334.21,Shenshan"
"KE,""Kimball Electronics, Inc."",NASDAQ,Austria,Technology,£6662.97,Kumberg"
"DYN,Dynegy Inc.,NYSE,Sweden,Public Utilities,""€8536,34"",Mora"
"FCAP,""First Capital, Inc."",NASDAQ,Indonesia,Finance,""€2889,99"",Pandean"
PPC,Pilgrim's Pride Corporation,NASDAQ,United States,Consumer Non-Durables,£5850.31,Los Angeles
BKT,BlackRock Income Trust Inc. (The),NYSE,Albania,n/a,$7623.15,Fushë-Bulqizë
JRO,Nuveen Floating Rate Income Opportuntiy Fund,NYSE,China,n/a,£9973.88,Shinan
ATTU,Attunity Ltd.,NASDAQ,Kosovo,Technology,¥7877.72,Kamenica
"DGLT,""Digiliti Money Group, Inc."",NASDAQ,China,Technology,£2477.18,Shunling"
FJP,First Trust Japan AlphaDEX Fund,NASDAQ,Russia,n/a,¥915.62,Burevestnik
ICCC,ImmuCell Corporation,NASDAQ,Sweden,Health Care,¥2355.91,Karlskoga
"LLL,""L3 Technologies, Inc."",NYSE,Indonesia,Technology,£8511.77,Modis"
"HOLX,""Hologic, Inc."",NASDAQ,Uganda,Health Care,£5890.81,Amolatar"
ETX           ,Eaton Vance Municipal Income 2028 Term Trust,NYSE,China,n/a,$7385.45,Xiagong
"EVK,""Ever-Glory International Group, Inc."",NASDAQ,Russia,Consumer Non-Durables,""€4358,97"",Budënnovsk"
LUK,Leucadia National Corporation,NYSE,Philippines,Consumer Non-Durables,$1154.69,Umabay
"RJF,""Raymond James Financial, Inc."",NYSE,Indonesia,Finance,¥4405.14,Tegalrejo"
XCO,EXCO Resources NL,NYSE,Portugal,Energy,¥119.80,Aveiro
"DAKT,""Daktronics, Inc."",NASDAQ,Brazil,Consumer Durables,$3078.51,Matozinhos"
AHL,Aspen Insurance Holdings Limited,NYSE,Mexico,Finance,¥5984.72,San Miguel
OUT,OUTFRONT Media Inc.,NYSE,Indonesia,Consumer Services,£4285.26,Ampelgading
"PEO,""Adams Natural Resources Fund, Inc."",NYSE,France,n/a,$4622.88,Toulouse"
AQN,Algonquin Power & Utilities Corp.,NYSE,China,Public Utilities,$5792.73,Xiangyanglu
"DDT,""Dillard's, Inc."",NYSE,Indonesia,Consumer Services,¥5233.30,Awilega"
"ZUMZ,Zumiez Inc.,NASDAQ,Indonesia,Consumer Services,""€5859,26"",Bukbatang"
"SNGXW,""Soligenix, Inc."",NASDAQ,Peru,Health Care,£4692.59,Corani"
"DIN,""DineEquity, Inc"",NYSE,Thailand,Consumer Services,""€5729,27"",Surin"
"SFR,Colony Starwood Homes,NYSE,Ukraine,Consumer Services,""€9748,85"",Kamyshevka Vtoraya"
OSB,Norbord Inc.,NYSE,China,Basic Industries,£6707.95,Futian
"OMF,""OneMain Holdings, Inc."",NYSE,China,Finance,£1168.46,Du’ermenqin"
KYO,Kyocera Corporation,NYSE,Bahamas,Technology,£5760.45,Arthur’s Town
KEM,Kemet Corporation,NYSE,Indonesia,Capital Goods,£6768.32,Klakeh
"CTBI,""Community Trust Bancorp, Inc."",NASDAQ,Indonesia,Finance,$3435.70,Banjar Jabejero"
"DFFN,Diffusion Pharmaceuticals Inc.,NASDAQ,Peru,Health Care,""€8935,71"",Coayllo"
"CDR^B,""Cedar Realty Trust, Inc."",NYSE,Croatia,n/a,¥4638.09,Vrsi"
DBVT,DBV Technologies S.A.,NASDAQ,Russia,Health Care,£7347.57,Pregradnoye
TCFC,The Community Financial Corporation,NASDAQ,Philippines,Finance,¥5661.48,Saaban
"PHII,""PHI, Inc."",NASDAQ,Russia,Transportation,¥4430.14,Kulunda"
"STBA,""S&T Bancorp, Inc."",NASDAQ,Greece,Finance,¥9508.24,Limín Khersonísou"
"WFBI,WashingtonFirst Bankshares Inc,NASDAQ,France,Finance,""€3768,69"",Vannes"
QCLN,First Trust NASDAQ Clean Edge Green Energy Index Fund,NASDAQ,Indonesia,n/a,$7195.15,Kesambilerenkrajan
GFNCP,General Finance Corporation,NASDAQ,Madagascar,Technology,¥3353.67,Betafo
"MNP,""Western Asset Municipal Partners Fund, Inc."",NYSE,Argentina,n/a,¥1000.76,Villa Bustos"
"TGI,""Triumph Group, Inc."",NYSE,Indonesia,Capital Goods,$374.05,Timba Timuk"
"RSYS,RadiSys Corporation,NASDAQ,China,Technology,""€9702,11"",Hulei"
"MICT,""Micronet Enertec Technologies, Inc."",NASDAQ,Serbia,Capital Goods,""€4314,78"",Kikinda"
"FMI,""Foundation Medicine, Inc."",NASDAQ,China,Health Care,$4533.50,Qinnan"
"AXE,Anixter International Inc.,NYSE,China,Consumer Non-Durables,""€1047,57"",Xiapu"
INAP,Internap Corporation,NASDAQ,Mexico,Technology,$5014.89,Independencia
"ILG,""ILG, Inc"",NASDAQ,Indonesia,Finance,$1492.06,Kampungmasjid"
"GRFS,""Grifols, S.A."",NASDAQ,China,Health Care,$7019.20,Dongshangguan"
PBI^B,Pitney Bowes Inc.,NYSE,Philippines,n/a,$364.56,Kiupo
DYN.WS,Dynegy Inc.,NYSE,Mexico,n/a,£3308.52,Adolfo Ruiz Cortines
"SHOR,""ShoreTel, Inc."",NASDAQ,Argentina,Public Utilities,""€2709,21"",Cruz Alta"
"ALDW,""Alon USA Partners, LP"",NYSE,Albania,Energy,$523.52,Cerava"
NHTC,Natural Health Trends Corp.,NASDAQ,China,Consumer Durables,¥2689.36,Qiying
"VKTX,""Viking Therapeutics, Inc."",NASDAQ,Indonesia,Health Care,¥5714.27,Cikadongdong"
SNE,Sony Corp Ord,NYSE,Thailand,Consumer Non-Durables,$9710.11,Sam Phran
"NDSN,Nordson Corporation,NASDAQ,France,Capital Goods,""€1491,90"",Nantes"
"BFS,""Saul Centers, Inc."",NYSE,China,Consumer Services,¥8576.91,Yuanquan"
"ASX,""Advanced Semiconductor Engineering, Inc."",NYSE,Indonesia,Technology,£8879.89,Sinarharapan"
"MYGN,""Myriad Genetics, Inc."",NASDAQ,Ukraine,Health Care,""€4547,76"",Budy"
AKP,Alliance California Municipal Income Fund Inc,NYSE,France,n/a,£875.46,Aix-en-Provence
FTXD,First Trust Nasdaq Retail ETF,NASDAQ,France,n/a,£780.37,Saint-Étienne
ZIXI,Zix Corporation,NASDAQ,Russia,Technology,£7773.76,Rasskazovo
GLNG,Golar LNG Limited,NASDAQ,Australia,Consumer Services,£7767.04,Sydney
EAGLW,Double Eagle Acquisition Corp.,NASDAQ,Russia,Finance,$9041.38,Sokolovo
GENE,Genetic Technologies Ltd,NASDAQ,Poland,Health Care,$1216.85,Siemiechów
"BCEI,""Bonanza Creek Energy, Inc."",NYSE,Brazil,Energy,$9502.58,Barbalha"
"ALDX,""Aldeyra Therapeutics, Inc."",NASDAQ,Micronesia,Health Care,¥9543.11,Eauripik"
BBN,BalckRock Taxable Municipal Bond Trust,NYSE,China,n/a,¥926.79,Baitian
"DFIN,""Donnelley Financial Solutions, Inc."",NYSE,Colombia,Consumer Services,""€912,56"",Puerto Asís"
"MYE,""Myers Industries, Inc."",NYSE,Kazakhstan,Consumer Non-Durables,£9103.75,Zhambyl"
ENIC,Enel Chile S.A.,NYSE,Ukraine,Public Utilities,¥2251.31,Verkhovyna
"SPXC,SPX Corporation,NYSE,Colombia,Technology,""€1325,33"",Juan de Acosta"
"MCFT,""MCBC Holdings, Inc."",NASDAQ,Sweden,Capital Goods,""€540,25"",Kalix"
AIV^A,Apartment Investment and Management Company,NYSE,Argentina,n/a,$303.73,Clodomira
PRTA,Prothena Corporation plc,NASDAQ,Argentina,Health Care,$9553.96,Villa Paula de Sarmiento
"PRTS,""U.S. Auto Parts Network, Inc."",NASDAQ,Indonesia,Consumer Services,$8257.12,Panenggoede"
"RELV,""Reliv' International, Inc."",NASDAQ,United States,Health Care,$7105.97,Tulsa"
VBFC,Village Bank and Trust Financial Corp.,NASDAQ,Sweden,Finance,£832.53,Bromma
MGCD,MGC Diagnostics Corporation,NASDAQ,China,Health Care,$3243.46,Luyi
"FMBI,""First Midwest Bancorp, Inc."",NASDAQ,Panama,Finance,""€9982,59"",Chame"
OPB,Opus Bank,NASDAQ,Russia,n/a,$8432.94,Ustyuzhna
"EDGW,""Edgewater Technology, Inc."",NASDAQ,South Africa,Technology,""€1227,36"",Bela-Bela"
"SNPS,""Synopsys, Inc."",NASDAQ,Portugal,Technology,$4007.63,Óbidos"
"EPAY,""Bottomline Technologies, Inc."",NASDAQ,Mexico,Technology,¥7121.33,Lazaro Cardenas"
"FRSH,""Papa Murphy's Holdings, Inc."",NASDAQ,Russia,Consumer Services,£8113.80,Polunochnoye"
"WHLRW,""Wheeler Real Estate Investment Trust, Inc."",NASDAQ,Poland,Consumer Services,""€3191,86"",Kolbuszowa"
"DEPO,""Depomed, Inc."",NASDAQ,Peru,Health Care,$8857.86,Charat"
LHO^J,LaSalle Hotel Properties,NYSE,Sweden,n/a,¥3618.09,Växjö
"AMTX,""Aemetis, Inc"",NASDAQ,Yemen,Basic Industries,$7939.45,Al Ḩarajah"
MO,Altria Group,NYSE,Estonia,Consumer Non-Durables,¥2080.43,Narva
"MIRN,""Mirna Therapeutics, Inc."",NASDAQ,France,Health Care,¥6562.68,Valence"
"CHNR,""China Natural Resources, Inc."",NASDAQ,Philippines,Basic Industries,""€1870,14"",Gibgos"
BDC,Belden Inc,NYSE,Philippines,Basic Industries,£5751.45,Talipan
"MCA,""Blackrock MuniYield California Insured Fund, Inc."",NYSE,Indonesia,n/a,""€7463,50"",Sukomulyo"
"RPD,""Rapid7, Inc."",NASDAQ,Iran,Technology,£413.35,Rāmhormoz"
JSD,Nuveen Short Duration Credit Opportunities Fund,NYSE,China,n/a,$1388.13,Yicheng
UNH,UnitedHealth Group Incorporated,NYSE,Mali,Health Care,£4373.14,Kidal
GKOS,Glaukos Corporation,NYSE,Indonesia,Health Care,£3069.01,Banjar Bias
TCPC,TCP Capital Corp.,NASDAQ,Panama,n/a,$9449.48,La Colorada
ASUR,Asure Software Inc,NASDAQ,China,Technology,£7292.72,Hetang
EGO,Eldorado Gold Corporation,NYSE,Ukraine,Basic Industries,¥4531.15,Ulichnoye
GLOG^A,GasLog LP.,NYSE,China,n/a,$9131.20,Wenshui
"WOW,""WideOpenWest, Inc."",NYSE,China,Consumer Services,""€2143,14"",Zengguang"
"BWEN,""Broadwind Energy, Inc."",NASDAQ,France,Capital Goods,""€7897,87"",Lacroix-Saint-Ouen"
"DRUA,""Dominion Energy, Inc."",NYSE,Ecuador,Public Utilities,""€6535,09"",Manta"
"FTEO,""FRONTEO, Inc."",NASDAQ,China,n/a,""€1226,10"",Kunyang"
"CHCO,City Holding Company,NASDAQ,Portugal,Finance,""€6026,46"",Cruz"
"OSTK,""Overstock.com, Inc."",NASDAQ,Thailand,Consumer Services,¥2062.05,Su-ngai Kolok"
BOXC,Brookfield Canada Office Properties,NYSE,France,Consumer Services,$3348.03,Saint-Germain-en-Laye
VBLT,Vascular Biogenics Ltd.,NASDAQ,China,Health Care,¥9018.46,Zhangzhu
"MEI,""Methode Electronics, Inc."",NYSE,Sweden,Capital Goods,¥7091.34,Arboga"
UNAM,Unico American Corporation,NASDAQ,Indonesia,Finance,$1937.01,Nuamuzi
NCB,Nuveen California Municipal Value Fund 2,NYSE,United Kingdom,n/a,¥5427.27,Newbiggin
"STLD,""Steel Dynamics, Inc."",NASDAQ,Argentina,Basic Industries,£6210.70,Marcos Juárez"
"EBIX,""Ebix, Inc."",NASDAQ,Tanzania,Technology,¥680.00,Bugene"
"UFPI,""Universal Forest Products, Inc."",NASDAQ,Indonesia,Basic Industries,¥7940.27,Tigaherang"
"JNPR,""Juniper Networks, Inc."",NYSE,Portugal,Technology,¥6754.41,Seara"
"FLWS,""1-800 FLOWERS.COM, Inc."",NASDAQ,Luxembourg,Consumer Services,¥4442.68,Lenningen"
"FINL,""The Finish Line, Inc."",NASDAQ,Czech Republic,Consumer Services,¥9012.37,Ráječko"
RIG,Transocean Ltd.,NYSE,United States,Energy,$3180.75,Alhambra
"NWLI,""National Western Life Group, Inc."",NASDAQ,Russia,Finance,¥7188.01,Medvedovskaya"
"VRSN,""VeriSign, Inc."",NASDAQ,China,Technology,£7581.93,Guangang"
SANW,S&W Seed Company,NASDAQ,Russia,Consumer Non-Durables,$9918.79,Taganskiy
"INGN,""Inogen, Inc"",NASDAQ,Japan,Health Care,$6047.96,Sandachō"
"MSON,""MISONIX, Inc."",NASDAQ,Japan,Capital Goods,¥2801.40,Hayama"
"SWZ,""Swiss Helvetia Fund, Inc. (The)"",NYSE,Bulgaria,n/a,""€7283,79"",Dulovo"
"YRCW,""YRC Worldwide, Inc."",NASDAQ,Colombia,Transportation,¥5676.21,El Cocuy"
ADRE,BLDRS Emerging Markets 50 ADR Index Fund,NASDAQ,Azerbaijan,n/a,£3034.05,Mardakyany
"CHUY,""Chuy's Holdings, Inc."",NASDAQ,Belarus,Consumer Services,""€8004,45"",Uzda"
"CPIX,Cumberland Pharmaceuticals Inc.,NASDAQ,Croatia,Health Care,""€5825,49"",Grubišno Polje"
NXJ,Nuveen New Jersey Quality Municipal Income Fund,NYSE,Indonesia,n/a,$2841.31,Tawangrejo
"DIN,""DineEquity, Inc"",NYSE,Serbia,Consumer Services,""€8489,87"",Novi Itebej"
CMRE,Costamare Inc.,NYSE,Indonesia,Transportation,$9541.84,Malabar
"AMBCW,""Ambac Financial Group, Inc."",NASDAQ,France,Finance,""€5627,09"",Paris 15"
RDY,Dr. Reddy's Laboratories Ltd,NYSE,Greece,Health Care,¥8407.97,Fteliá
"CVLY,""Codorus Valley Bancorp, Inc"",NASDAQ,Peru,Finance,""€7043,19"",Végueta"
FH,FORM Holdings Corp.,NASDAQ,Peru,Miscellaneous,£9619.47,Socabaya
"MNTX,""Manitex International, Inc."",NASDAQ,Honduras,Technology,""€1521,31"",Omoa"
"GS^D,""Goldman Sachs Group, Inc. (The)"",NYSE,Peru,n/a,$7808.47,Huallanca"
"PERI,Perion Network Ltd,NASDAQ,Japan,Technology,""€4457,04"",Shimotoda"
UNH,UnitedHealth Group Incorporated,NYSE,Sweden,Health Care,$3119.57,Gävle
"CBZ,""CBIZ, Inc."",NYSE,Thailand,Miscellaneous,""€7263,65"",Chum Phae"
"MNTA,""Momenta Pharmaceuticals, Inc."",NASDAQ,Ivory Coast,Health Care,£6494.16,Gagnoa"
"BMA,Macro Bank Inc.,NYSE,Indonesia,Finance,""€1537,52"",Sendangrejo"
"OBLN,""Obalon Therapeutics, Inc."",NASDAQ,Panama,Health Care,$1131.73,Sabanitas"
"NEP,""NextEra Energy Partners, LP"",NYSE,Indonesia,Public Utilities,¥7402.22,Atarodangwautu"
"NCI,""Navigant Consulting, Inc."",NYSE,China,Consumer Services,¥3247.74,Junliangcheng"
BML^H,Bank of America Corporation,NYSE,South Sudan,n/a,$1901.97,Bentiu
"GJR,""Synthetic Fixed-Income Securities, Inc."",NYSE,Solomon Islands,n/a,""€9514,66"",Gizo"
FOANC,Gabelli NextShares Trust,NASDAQ,China,n/a,£6167.36,Cairima
"POWL,""Powell Industries, Inc."",NASDAQ,China,Consumer Durables,$3372.49,Zhangqing"
IGT,International Game Technology,NYSE,Peru,Consumer Services,£9720.54,La Esperanza
"WES,""Western Gas Partners, LP"",NYSE,Norway,Public Utilities,$3642.97,Gjøvik"
"MXWL,""Maxwell Technologies, Inc."",NASDAQ,China,Miscellaneous,""€9598,81"",Huxingshan"
"DCT,DCT Industrial Trust Inc,NYSE,Guam,Consumer Services,""€3755,36"",Asan-Maina Village"
PSA^T,Public Storage,NYSE,Paraguay,Consumer Services,¥4265.47,Yataity del Norte
OEC,Orion Engineered Carbons S.A,NYSE,Thailand,Basic Industries,£2747.89,Phu Kradueng
"ICLR,ICON plc,NASDAQ,China,Health Care,""€3930,85"",Yanqi"
LZB,La-Z-Boy Incorporated,NYSE,United States,Consumer Durables,$3591.06,Kansas City
"LOXO,""Loxo Oncology, Inc."",NASDAQ,China,Health Care,¥9027.93,Huanggang"
"CCS,""Century Communities, Inc."",NYSE,Mongolia,Capital Goods,$142.23,Hutag"
EGY,Vaalco Energy Inc,NYSE,Russia,Energy,£232.16,Kobrinskoye
"NSSC,""NAPCO Security Technologies, Inc."",NASDAQ,China,Consumer Durables,£9685.36,Huangjindong"
"UMH^B,""UMH Properties, Inc."",NYSE,China,n/a,¥5250.60,Jianggao"
"CAA,""CalAtlantic Group, Inc."",NYSE,Indonesia,Capital Goods,¥5929.20,Cabean"
WPZ,Williams Partners LP,NYSE,Indonesia,Public Utilities,$4084.39,Waenenda
PRMW,Primo Water Corporation,NASDAQ,Pakistan,Consumer Non-Durables,¥5333.62,Toba Tek Singh
CO,China Cord Blood Corporation,NYSE,Yemen,Finance,$3542.32,Ḩabbān
"PAM,Pampa Energia S.A.,NYSE,Indonesia,Public Utilities,""€1391,07"",Mondoteko"
"CIO^A,""City Office REIT, Inc."",NYSE,Philippines,n/a,""€6290,28"",Canturay"
JLS,Nuveen Mortgage Opportunity Term Fund,NYSE,China,n/a,$6383.32,Xinzhu
VRNA,Verona Pharma plc,NASDAQ,Nigeria,Health Care,£6791.21,Eha Amufu
"GLRE,""Greenlight Reinsurance, Ltd."",NASDAQ,Russia,Finance,¥1142.31,Venëv"
"CTLT,""Catalent, Inc."",NYSE,Laos,Health Care,$579.43,Xaysetha"
AVXL,Anavex Life Sciences Corp.,NASDAQ,China,Health Care,£3514.40,Wulan Haye
"PWOD,""Penns Woods Bancorp, Inc."",NASDAQ,Saudi Arabia,Finance,¥9978.48,‘Afīf"
"SBOW,""SilverBow Resorces, Inc."",NYSE,China,Energy,£2927.76,Guojiaba"
KEX,Kirby Corporation,NYSE,United States,Consumer Services,£9182.46,Reading
APOP,Cellect Biotechnology Ltd.,NASDAQ,China,n/a,£2252.10,Luorong
"CTBB,Qwest Corporation,NYSE,Indonesia,Public Utilities,""€3156,49"",Blendis"
"CSLT,""Castlight Health, inc."",NYSE,Philippines,Technology,£4030.76,Tagakpan"
"GLOB,Globant S.A.,NYSE,Argentina,Technology,""€6172,59"",Viedma"
BWA,BorgWarner Inc.,NYSE,Israel,Capital Goods,$94.00,Azor
"LDP,""Cohen & Steers Limited Duration Preferred and Income Fund, Inc"",NYSE,China,n/a,£7008.97,Honggang"
"TUSK,""Mammoth Energy Services, Inc."",NASDAQ,Philippines,Energy,¥5521.77,Odiongan"
CFFI,C&F Financial Corporation,NASDAQ,Portugal,Finance,$6863.11,Alcorriol
"SRC,""Spirit Realty Capital, Inc."",NYSE,Greece,Consumer Services,""€8254,28"",Lékhaio"
EGLT,Egalet Corporation,NASDAQ,Czech Republic,Health Care,£9066.16,Otrokovice
DRRX,DURECT Corporation,NASDAQ,Mexico,Health Care,$9633.13,Santo Tomas
OXFD,Oxford Immunotec Global PLC,NASDAQ,Venezuela,Health Care,$4485.23,Los Rastrojos
TECK,Teck Resources Ltd,NYSE,China,Basic Industries,£9797.71,Batou
OVLY,Oak Valley Bancorp (CA),NASDAQ,Kazakhstan,Finance,¥5423.31,Kokshetau
"DZSI,""DASAN Zhone Solutions, Inc."",NASDAQ,Guatemala,Public Utilities,¥9747.58,San Agustín Acasaguastlán"
"SIGI,""Selective Insurance Group, Inc."",NASDAQ,Indonesia,Finance,$5421.73,Ciwaru"
"JE^A,""Just Energy Group, Inc."",NYSE,Philippines,n/a,£9841.48,Buensuseso"
ASUR,Asure Software Inc,NASDAQ,France,Technology,£5060.23,Saint-Denis
AEB,Aegon NV,NYSE,Philippines,Finance,$9537.53,Nabunturan
LHCG,LHC Group,NASDAQ,France,Health Care,$6766.95,Perpignan
"CMD,Cantel Medical Corp.,NYSE,Cuba,Health Care,""€4506,31"",Perico"
"TTF,""Thai Fund, Inc. (The)"",NYSE,Indonesia,n/a,¥7886.94,Nabire"
"GD,General Dynamics Corporation,NYSE,Equatorial Guinea,Capital Goods,""€6702,30"",Aconibe"
"AMH^F,American Homes 4 Rent,NYSE,Czech Republic,n/a,""€58,96"",Železnice"
"AGD,Alpine Global Dynamic Dividend Fund,NYSE,Philippines,n/a,""€7829,29"",Koronadal"
"SPSC,""SPS Commerce, Inc."",NASDAQ,China,Technology,£5066.81,Yuetang"
"WWE,""World Wrestling Entertainment, Inc."",NYSE,Indonesia,Consumer Services,¥2036.94,Pule"
SRUNW,Silver Run Acquisition Corporation II,NASDAQ,Japan,Finance,£6175.45,Oyama
"CVX,Chevron Corporation,NYSE,China,Energy,""€2844,46"",Yaotian"
"TLK,""PT Telekomunikasi Indonesia, Tbk"",NYSE,Philippines,Public Utilities,¥489.49,Mayantoc"
RDVY,First Trust Rising Dividend Achievers ETF,NASDAQ,China,n/a,¥6114.21,Lipu
"GS^K,""Goldman Sachs Group, Inc. (The)"",NYSE,United States,n/a,¥7758.38,Sunnyvale"
"VYMI,Vanguard International High Dividend Yield ETF,NASDAQ,China,n/a,""€4783,48"",Zhuyu"
"AKAM,""Akamai Technologies, Inc."",NASDAQ,Portugal,Miscellaneous,£9412.13,Mato Cheirinhos"
AGRO,Adecoagro S.A.,NYSE,Norway,Consumer Non-Durables,£1692.79,Trondheim
"PRCP,""Perceptron, Inc."",NASDAQ,Thailand,Capital Goods,$4406.37,Phu Sang"
"OA,""Orbital ATK, Inc."",NYSE,France,Capital Goods,¥406.88,Sartrouville"
"MIRN,""Mirna Therapeutics, Inc."",NASDAQ,Indonesia,Health Care,$459.87,Rantauambacang"
"FIXD,First Trust TCW Opportunistic Fixed Income ETF,NASDAQ,Iran,n/a,""€937,11"",Naqadeh"
STAR^F,iStar Financial Inc.,NYSE,China,n/a,$627.58,Renhe
"SKYW,""SkyWest, Inc."",NASDAQ,France,Transportation,¥5823.27,Saint-Maurice-l'Exil"
"SAN^C,""Banco Santander, S.A."",NYSE,Finland,n/a,¥6953.67,Iitti"
"ABMD,""ABIOMED, Inc."",NASDAQ,Philippines,Health Care,£2543.91,Joroan"
IFMK,iFresh Inc.,NASDAQ,Philippines,Consumer Services,$824.72,Oras
GARS,Garrison Capital Inc.,NASDAQ,Poland,n/a,£4168.90,Raniżów
GNW,Genworth Financial Inc,NYSE,Greece,Finance,¥2608.69,Spárti
GEK,General Electric Capital Corporation,NYSE,Argentina,Energy,¥9409.00,General Conesa
"ARC,""ARC Document Solutions, Inc."",NYSE,Mexico,Consumer Services,""€9400,23"",Cuauhtemoc"
"AME,""AMTEK, Inc."",NYSE,Brazil,Consumer Durables,""€4624,68"",Conceição do Jacuípe"
TNXP,Tonix Pharmaceuticals Holding Corp.,NASDAQ,Brazil,Health Care,$2427.07,Maragogipe
"ZPIN,Zhaopin Limited,NYSE,China,Technology,""€7616,35"",Longshan"
"PSEC,Prospect Capital Corporation,NASDAQ,Brazil,n/a,""€1442,64"",Pedro II"
"HIW,""Highwoods Properties, Inc."",NYSE,Brazil,Consumer Services,$1632.28,Quatro Barras"
ROSEW,Rosehill Resources Inc.,NASDAQ,Philippines,Energy,¥3030.01,Maddarulug Norte
LAYN,Layne Christensen Company,NASDAQ,China,Basic Industries,$1473.64,Donghui
"DFT,""Dupont Fabros Technology, Inc."",NYSE,Russia,Finance,$6973.02,Minusinsk"
TRST,TrustCo Bank Corp NY,NASDAQ,Russia,Finance,$1064.25,Shebekino
CPAAW,Conyers Park Acquisition Corp.,NASDAQ,Syria,Finance,$1716.15,Arwād
"ENTL,""Entellus Medical, Inc."",NASDAQ,Indonesia,Health Care,¥9807.77,Randusari"
"MACQ,""M I Acquisitions, Inc."",NASDAQ,Mauritius,Finance,£5166.65,Chamouny"
"KE,""Kimball Electronics, Inc."",NASDAQ,Macedonia,Technology,$4790.05,Gostivar"
"ZOES,""Zoe's Kitchen, Inc."",NYSE,Portugal,Consumer Services,""€9302,70"",Quarteira"
"DTV,DTE Energy Company,NYSE,China,Public Utilities,""€2980,09"",Guangchen"
"CHKR,Chesapeake Granite Wash Trust,NYSE,Argentina,Energy,""€8405,93"",Santo Tomé"
"CLH,""Clean Harbors, Inc."",NYSE,Panama,Basic Industries,¥593.06,Chepo"
"GGG,Graco Inc.,NYSE,Indonesia,Capital Goods,""€4372,71"",Waimangura"
"CBAN,""Colony Bankcorp, Inc."",NASDAQ,Dominican Republic,Finance,""€9109,69"",La Romana"
"ISBC,""Investors Bancorp, Inc."",NASDAQ,Russia,Finance,$7588.08,Khlevnoye"
CRT,Cross Timbers Royalty Trust,NYSE,France,Energy,¥1920.07,Niort
MFNC,Mackinac Financial Corporation,NASDAQ,France,Finance,£6734.06,La Roche-sur-Yon
"CEO,CNOOC Limited,NYSE,China,Energy,""€7777,68"",Bingfang"
ITCI,Intra-Cellular Therapies Inc.,NASDAQ,France,Health Care,$2244.71,Soisy-sous-Montmorency
PDI,PIMCO Dynamic Income Fund,NYSE,Brazil,n/a,$8945.30,Nepomuceno
"HCP,""HCP, Inc."",NYSE,Kenya,Consumer Services,""€7310,22"",Nairobi"
MTB^C,M&T Bank Corporation,NYSE,China,n/a,$7424.26,Shanglu
"ESIO,""Electro Scientific Industries, Inc."",NASDAQ,Peru,Miscellaneous,""€6420,81"",Aricapampa"
"THS,""Treehouse Foods, Inc."",NYSE,Ecuador,Consumer Non-Durables,¥9224.12,Montalvo"
"UNTY,""Unity Bancorp, Inc."",NASDAQ,Poland,Finance,¥3780.28,Domaradz"
SHOP,Shopify Inc.,NYSE,Albania,Technology,$6248.88,Moglicë
GILT,Gilat Satellite Networks Ltd.,NASDAQ,China,Technology,¥7320.43,Zoushi
NWN,Northwest Natural Gas Company,NYSE,Nigeria,Public Utilities,¥2379.03,Nsukka
RF,Regions Financial Corporation,NYSE,Indonesia,Finance,¥6441.98,Tunjuk Selatan
MMT,MFS Multimarket Income Trust,NYSE,Vietnam,n/a,$7669.74,Thủ Thừa
"HCSG,""Healthcare Services Group, Inc."",NASDAQ,Greece,Health Care,$5628.41,Diavatós"
EQC^D,Equity Commonwealth,NYSE,Russia,n/a,£5174.90,Novobeysugskaya
LRGE,ClearBridge Large Cap Growth ESG ETF,NASDAQ,Sweden,n/a,$3180.02,Sandviken
"AMCX,AMC Networks Inc.,NASDAQ,Indonesia,Consumer Services,""€9017,64"",Kombapari"
MMP,Magellan Midstream Partners L.P.,NYSE,Philippines,Energy,¥7582.68,Bunog
HRI,Herc Holdings Inc.,NYSE,Egypt,n/a,£5586.27,Ibshawāy
OXLCN,Oxford Lane Capital Corp.,NASDAQ,Denmark,n/a,$2889.06,København
"TLGT,""Teligent, Inc."",NASDAQ,Thailand,Health Care,""€6757,33"",Phichai"
"EDF,Stone Harbor Emerging Markets Income Fund,NYSE,South Africa,n/a,""€3522,23"",KwaMbonambi"
MFIN,Medallion Financial Corp.,NASDAQ,Sierra Leone,Finance,$3199.97,Masoyila
"IMPV,""Imperva, Inc."",NASDAQ,China,Technology,£8729.59,Guangang"
GBNK,Guaranty Bancorp,NASDAQ,France,Finance,¥7711.53,Orléans
AVA,Avista Corporation,NYSE,China,Public Utilities,¥8540.60,Yanhu
SGY,Stone Energy Corporation,NYSE,Brazil,Energy,£2073.16,Paty do Alferes
"EVOL,""Evolving Systems, Inc."",NASDAQ,Indonesia,Technology,$9452.94,Rontu"
"JPM.WS,J P Morgan Chase & Co,NYSE,Mongolia,n/a,""€5201,05"",Dzuunmod"
"BKN,BlackRock Investment Quality Municipal Trust Inc. (The),NYSE,Russia,n/a,""€3730,40"",Staropavlovskaya"
EVHC,Envision Healthcare Corporation,NYSE,Madagascar,Health Care,£6928.97,Andoany
STRL,Sterling Construction Company Inc,NASDAQ,Indonesia,Basic Industries,$3944.87,Gunungkencana
"HWKN,""Hawkins, Inc."",NASDAQ,Bosnia and Herzegovina,Consumer Durables,$481.52,Srebrenica"
GM,General Motors Company,NYSE,Costa Rica,Capital Goods,£7727.37,Colima
"WAFD,""Washington Federal, Inc."",NASDAQ,Indonesia,Finance,¥1055.52,Lendan"
"DISCB,""Discovery Communications, Inc."",NASDAQ,Brazil,Consumer Services,""€426,11"",Gurupi"
"TXT,Textron Inc.,NYSE,Honduras,Capital Goods,""€1335,05"",La Sarrosa"
RFTA,RAIT Financial Trust,NYSE,United Kingdom,Consumer Services,£2743.60,Twyford
"KALV,""KalVista Pharmaceuticals, Inc."",NASDAQ,Ukraine,Health Care,£9293.03,Brusyliv"
"WU,Western Union Company (The),NYSE,Indonesia,Miscellaneous,""€9953,91"",Sumberpitu"
"SCQ,Stellus Capital Investment Corporation,NYSE,Albania,n/a,""€2498,54"",Peza e Madhe"
MCN,Madison Covered Call & Equity Strategy Fund,NYSE,China,n/a,¥3267.66,Shimen
GIMO,Gigamon Inc.,NYSE,Comoros,Technology,£1297.04,Mramani
"KMPH,""KemPharm, Inc."",NASDAQ,Greece,Health Care,$3420.13,Évlalo"
GEK,General Electric Capital Corporation,NYSE,Indonesia,Energy,¥1900.20,Andamui
EQT,EQT Corporation,NYSE,Philippines,Energy,£4101.33,Carriedo
"POST,""Post Holdings, Inc."",NYSE,Philippines,Consumer Non-Durables,¥3635.44,Doña Remedios Trinidad"
"ROST,""Ross Stores, Inc."",NASDAQ,Portugal,Consumer Services,£9515.04,Várzeas"
"ETE,""Energy Transfer Equity, L.P."",NYSE,China,Public Utilities,""€1017,02"",Dasheng"
EPR^E,EPR Properties,NYSE,Poland,n/a,$7458.19,Sawin
LYTS,LSI Industries Inc.,NASDAQ,Cuba,Consumer Durables,£6041.19,La Habana Vieja
SPE,Special Opportunities Fund Inc.,NYSE,Comoros,n/a,$7368.15,Barakani
NRCIA,National Research Corporation,NASDAQ,China,Health Care,$1421.04,Leidian
SSWN,Seaspan Corporation,NYSE,Greece,Transportation,¥477.28,Ágios Spyrídon
NYT,New York Times Company (The),NYSE,China,Consumer Services,$2238.34,Shangtuhai
JPT,Nuveen Preferred and Income 2022 Term Fund,NYSE,Japan,n/a,¥1659.52,Ōme
"GEOS,Geospace Technologies Corporation,NASDAQ,Indonesia,Capital Goods,""€2096,55"",Nyalindung"
"TXRH,""Texas Roadhouse, Inc."",NASDAQ,Colombia,Consumer Services,""€9006,73"",Barrio San Luis"
"CLBS,""Caladrius Biosciences, Inc."",NASDAQ,Ukraine,Health Care,¥8165.20,Terny"
O,Realty Income Corporation,NYSE,Brazil,Consumer Services,£2227.08,Timon
PHD,Pioneer Floating Rate Trust,NYSE,Micronesia,n/a,£7074.58,Moch
EOD,Wells Fargo Global Dividend Opportunity Fund,NYSE,China,n/a,£9671.57,Xibing
SSBI,Summit State Bank,NASDAQ,Philippines,n/a,¥5283.96,Parabcan
"DGRW,WisdomTree U.S. Quality Dividend Growth Fund,NASDAQ,Indonesia,n/a,""€4476,58"",Tamianglayang"
ARI^A,Apollo Commercial Real Estate Finance,NYSE,Thailand,n/a,£4359.06,Kut Bak
"GSBD,""Goldman Sachs BDC, Inc."",NYSE,Chile,n/a,$8007.09,Victoria"
"COMM,""CommScope Holding Company, Inc."",NASDAQ,Indonesia,Technology,$3918.43,Muarabadak"
"FBC,""Flagstar Bancorp, Inc."",NYSE,Portugal,Finance,$3469.40,Arcossó"
"HIW,""Highwoods Properties, Inc."",NYSE,Brazil,Consumer Services,¥1221.84,Itamarandiba"
VFC,V.F. Corporation,NYSE,Brazil,Consumer Non-Durables,£3689.86,Itapevi
AMH^E,American Homes 4 Rent,NYSE,Albania,n/a,¥8872.40,Kombësi
"AGR,""Avangrid, Inc."",NYSE,Ukraine,Public Utilities,""€3207,87"",Livadiya"
QQXT,First Trust NASDAQ-100 Ex-Technology Sector Index Fund,NASDAQ,Moldova,n/a,£8595.03,Chişinău
"SBOW,""SilverBow Resorces, Inc."",NYSE,China,Energy,£2380.29,Dushu"
"CBPO,""China Biologic Products, Inc."",NASDAQ,Argentina,Health Care,""€6538,38"",Puerto Eldorado"
AG,First Majestic Silver Corp.,NYSE,Poland,Basic Industries,£6465.20,Gielniów
"GAM^B,""General American Investors, Inc."",NYSE,Dominican Republic,n/a,¥2915.75,Cotuí"
"KONA,""Kona Grill, Inc."",NASDAQ,Brazil,Consumer Services,$2220.87,Jaguariaíva"
EXTN,Exterran Corporation,NYSE,China,Technology,¥6090.17,Tielu
"MRNS,""Marinus Pharmaceuticals, Inc."",NASDAQ,Ethiopia,Health Care,""€1091,17"",Kombolcha"
"MKSI,""MKS Instruments, Inc."",NASDAQ,China,Capital Goods,¥681.16,Macun"
"MRTN,""Marten Transport, Ltd."",NASDAQ,Indonesia,Transportation,""€15,46"",Bakau"
"FOX,""Twenty-First Century Fox, Inc."",NASDAQ,Poland,Consumer Services,$7350.99,Przesmyki"
"SKYS,""Sky Solar Holdings, Ltd."",NASDAQ,Brazil,Public Utilities,¥5785.25,São Gabriel da Cachoeira"
GDV,Gabelli Dividend,NYSE,Sudan,n/a,$7822.47,Abū Zabad
GPACU,Global Partner Acquisition Corp.,NASDAQ,Indonesia,Health Care,$3973.26,Lueng Putu
"EVEP,""EV Energy Partners, L.P."",NASDAQ,Greece,Energy,""€7347,33"",Sykiés"
ASIX,AdvanSix Inc.,NYSE,Sudan,Basic Industries,£3251.14,Al Fūlah
ARCC,Ares Capital Corporation,NASDAQ,Indonesia,n/a,$6283.35,Doro Oo
NOM,Nuveen Missouri Quality Municipal Income Fund,NYSE,Guatemala,n/a,£5661.67,San Antonio Suchitepéquez
"IID,Voya International High Dividend Equity Income Fund,NYSE,Russia,n/a,""€8164,02"",Kol’chugino"
"SAB,Saratoga Investment Corp,NYSE,China,n/a,""€2007,76"",Longshan"
PPHMP,Peregrine Pharmaceuticals Inc.,NASDAQ,Brazil,Health Care,¥4389.94,Itatinga
"FCFS,""First Cash, Inc."",NYSE,Indonesia,Consumer Services,£4595.55,Banjaranyar"
"BOTJ,""Bank of the James Financial Group, Inc."",NASDAQ,Ukraine,Finance,£165.34,Klavdiyevo-Tarasove"
FHN^A,First Horizon National Corporation,NYSE,Peru,n/a,¥6372.13,Succha
"HNP,""Huaneng Power International, Inc."",NYSE,Indonesia,Public Utilities,¥1253.22,Banjar Tengah"
"IIF,""Morgan Stanley India Investment Fund, Inc."",NYSE,Indonesia,n/a,""€7905,78"",Tebon"
DMO,Western Asset Mortgage Defined Opportunity Fund Inc,NYSE,Canada,n/a,¥3636.50,Airdrie
CERN,Cerner Corporation,NASDAQ,Peru,Technology,¥1814.19,Santa
"ACRS,""Aclaris Therapeutics, Inc."",NASDAQ,China,Health Care,""€8941,21"",Zhizhong"
"BDGE,""Bridge Bancorp, Inc."",NASDAQ,Japan,Finance,$9320.35,Yanagawamachi-saiwaichō"
"HBCP,""Home Bancorp, Inc."",NASDAQ,Brazil,Finance,""€5427,48"",Lago da Pedra"
PSC,Principal U.S. Small Cap Index ETF,NASDAQ,China,n/a,£8156.45,Jincheng
SQQQ,ProShares UltraPro Short QQQ,NASDAQ,Tunisia,n/a,¥946.50,Hammam-Lif
ARI^A,Apollo Commercial Real Estate Finance,NYSE,Djibouti,n/a,¥3200.40,Ḏânan
GZT,Gazit-Globe Ltd.,NYSE,Brazil,Finance,¥5918.70,Euclides da Cunha
"SB^B,""Safe Bulkers, Inc"",NYSE,Russia,n/a,""€357,39"",Uva"
"RCON,""Recon Technology, Ltd."",NASDAQ,China,Energy,£9002.87,Xiashixiang"
"OPTT,""Ocean Power Technologies, Inc."",NASDAQ,Indonesia,Public Utilities,£4725.05,Banjar Pangkungkarung Kangin"
PYN,PIMCO New York Municipal Income Fund III,NYSE,China,n/a,¥1130.73,Daxing
"ATU,Actuant Corporation,NYSE,Russia,Technology,""€1075,97"",Yelizovo"
"PGR,Progressive Corporation (The),NYSE,Russia,Finance,""€4533,40"",Georgiyevka"
ZNWAA,Zion Oil & Gas Inc,NASDAQ,Belarus,Energy,$549.02,Byahoml’
TNP^E,Tsakos Energy Navigation Ltd,NYSE,Indonesia,n/a,$8950.97,Karara
FHN,First Horizon National Corporation,NYSE,Japan,Finance,¥8203.01,Amagi
"JSYNW,Jensyn Acquistion Corp.,NASDAQ,Brazil,Finance,""€6533,99"",Florestópolis"
"SQ,""Square, Inc."",NYSE,Tunisia,Technology,£5487.66,El Hamma"
EMKR,EMCORE Corporation,NASDAQ,Lithuania,Technology,£1744.06,Taurage
HZN,Horizon Global Corporation,NYSE,Armenia,Capital Goods,£492.49,Chochkan
NEPT,Neptune Technologies & Bioresources Inc,NASDAQ,China,Health Care,¥4704.30,Zhiqu
DCO,Ducommun Incorporated,NYSE,Indonesia,Capital Goods,¥9664.39,Duwakkandung
"INST,""Instructure, Inc."",NYSE,China,Technology,£1270.68,Xinle"
QVCA,Liberty Interactive Corporation,NASDAQ,Armenia,Consumer Services,¥6700.99,Gandzak
"NXEOU,""Nexeo Solutions, Inc."",NASDAQ,Slovenia,Consumer Durables,""€1680,51"",Vir"
"KND,""Kindred Healthcare, Inc."",NYSE,Portugal,Health Care,""€2540,95"",Mouquim"
"SNSS,""Sunesis Pharmaceuticals, Inc."",NASDAQ,Indonesia,Health Care,¥7922.20,Sedati"
"SNDR,""Schneider National, Inc."",NYSE,United States,Transportation,¥8403.23,New York City"
CPST,Capstone Turbine Corporation,NASDAQ,China,Energy,£2495.83,Huashan
COWN,Cowen Inc.,NASDAQ,Northern Mariana Islands,Finance,£9158.11,San Jose Village
VEACW,Vantage Energy Acquisition Corp.,NASDAQ,Mongolia,Finance,£6133.07,Böhöt
"CARV,""Carver Bancorp, Inc."",NASDAQ,Argentina,Finance,£238.62,Valcheta"
GLNG,Golar LNG Limited,NASDAQ,Indonesia,Consumer Services,$8444.58,Cikabuyutan Barat
ESGR,Enstar Group Limited,NASDAQ,Greece,Finance,¥3758.08,Rizári
"EFX,""Equifax, Inc."",NYSE,France,Finance,¥1266.68,Besançon"
"GBL,""Gamco Investors, Inc."",NYSE,Russia,Finance,$4492.86,Petrovskoye"
"GS^I,""Goldman Sachs Group, Inc. (The)"",NYSE,Sweden,n/a,""€4728,65"",Bollnäs"
CHKE,Cherokee Inc.,NASDAQ,Slovenia,Consumer Non-Durables,$9125.08,Kranjska Gora
"ULH,""Universal Logistics Holdings, Inc."",NASDAQ,China,Transportation,$9201.80,Muli"
NVGS,Navigator Holdings Ltd.,NYSE,South Korea,Transportation,£6608.96,Taisen-ri
"IROQ,""IF Bancorp, Inc."",NASDAQ,France,Finance,£1068.50,Redon"
"CMO^E,Capstead Mortgage Corporation,NYSE,Zimbabwe,n/a,""€7630,70"",Bulawayo"
SNX,Synnex Corporation,NYSE,Australia,Technology,¥4007.13,Melbourne
VPV,Invesco Pennsylvania Value Municipal Income Trust,NYSE,Poland,n/a,$3478.65,Kolsko
"YTRA,""Yatra Online, Inc."",NASDAQ,Brazil,Consumer Services,$4241.91,João Pessoa"
CR,Crane Company,NYSE,Tajikistan,Capital Goods,¥2175.10,Darband
MFINL,Medallion Financial Corp.,NASDAQ,Thailand,Finance,$3885.58,Nan
PLPC,Preformed Line Products Company,NASDAQ,Russia,Basic Industries,£9167.92,Kayakent
"ENZY          ,Enzymotec Ltd.,NASDAQ,China,Consumer Durables,""€1044,09"",Caijiagang"
"BV,""Bazaarvoice, Inc."",NASDAQ,Indonesia,Technology,¥722.69,Petiga"
"MICT,""Micronet Enertec Technologies, Inc."",NASDAQ,Macedonia,Capital Goods,""€4905,75"",Радишани"
"YUMC,""Yum China Holdings, Inc."",NYSE,Indonesia,Consumer Services,£2744.56,Pulopaya"
LILA,Liberty Global plc,NASDAQ,Azerbaijan,Consumer Services,£5191.74,Zaqatala
MTRX,Matrix Service Company,NASDAQ,Ethiopia,Basic Industries,¥8733.08,Deder
ACNB,ACNB Corporation,NASDAQ,Poland,Finance,¥1880.42,Bojano
TOL,Toll Brothers Inc.,NYSE,China,Capital Goods,¥7619.09,Longlisuo
"GBNK,Guaranty Bancorp,NASDAQ,Japan,Finance,""€1406,69"",Tsuma"
"TCP,""TC PipeLines, LP"",NYSE,Indonesia,Public Utilities,""€5454,61"",Cilampuyang"
IFON,InfoSonics Corp,NASDAQ,Kenya,Consumer Non-Durables,$3174.07,Malindi
"SGMA,""SigmaTron International, Inc."",NASDAQ,Cameroon,Technology,""€1048,51"",Nkongsamba"
QQXT,First Trust NASDAQ-100 Ex-Technology Sector Index Fund,NASDAQ,Saudi Arabia,n/a,$9537.89,Al Hadā
CNHI,CNH Industrial N.V.,NYSE,Indonesia,Capital Goods,$6346.42,Krajanpagowan
"BLKB,""Blackbaud, Inc."",NASDAQ,Japan,Technology,¥6226.47,Otofuke"
"ARI,Apollo Commercial Real Estate Finance,NYSE,Sweden,Consumer Services,""€3808,27"",Stockholm"
"TPIV,TapImmune Inc.,NASDAQ,China,Health Care,""€7613,55"",Guanting"
ZIOP,ZIOPHARM Oncology Inc,NASDAQ,Czech Republic,Health Care,¥5673.87,Karviná
"OKE,""ONEOK, Inc."",NYSE,Honduras,Public Utilities,""€7577,87"",San José de Comayagua"
"SJI,""South Jersey Industries, Inc."",NYSE,Portugal,Public Utilities,£7693.00,Agra"
"LEE,""Lee Enterprises, Incorporated"",NYSE,Peru,Consumer Services,¥8149.67,Ilo"
"ALGN,""Align Technology, Inc."",NASDAQ,Peru,Health Care,""€9228,75"",Cahuacho"
"ARAY,Accuray Incorporated,NASDAQ,Nigeria,Health Care,""€1869,99"",Igbor"
"ZAGG,ZAGG Inc,NASDAQ,Venezuela,Consumer Services,""€8045,57"",El Cantón"
ASB^C,Associated Banc-Corp,NYSE,China,n/a,¥4083.32,Lirang
VOXX,VOXX International Corporation,NASDAQ,Chile,Consumer Non-Durables,¥8703.82,Rancagua
"EVA,""Enviva Partners, LP"",NYSE,Armenia,Basic Industries,""€394,35"",Amberd"
"ARE^D,""Alexandria Real Estate Equities, Inc."",NYSE,China,n/a,£5708.04,Yingdianjie"
CSF,VictoryShares US Discovery Enhanced Volatility Wtd ETF,NASDAQ,China,n/a,¥1331.85,Xilin
OZM,Och-Ziff Capital Management Group LLC,NYSE,Indonesia,Finance,$122.57,Kiarajangkung
"EW,Edwards Lifesciences Corporation,NYSE,China,Health Care,""€5744,54"",Qiaodi"
EBAYL,eBay Inc.,NASDAQ,Indonesia,Miscellaneous,$3249.69,Tlogosadang
NGHCO,National General Holdings Corp,NASDAQ,United States,Finance,£8245.41,Charlotte
"CLNS^E,""Colony NorthStar, Inc."",NYSE,Philippines,n/a,$4881.96,Merida"
PGP,Pimco Global Stocksplus & Income Fund,NYSE,Greece,n/a,£4151.54,Agkathiá
AMWD,American Woodmark Corporation,NASDAQ,Serbia,Basic Industries,¥3772.25,Boljevci
"FCE.A,""Forest City Realty Trust, Inc."",NYSE,China,n/a,£167.12,Shouzhan"
"RDHL,Redhill Biopharma Ltd.,NASDAQ,Armenia,Health Care,""€8880,27"",Dzoraghbyur"
"BKFS,""Black Knight Financial Services, Inc."",NYSE,Belgium,Technology,¥3722.46,Péruwelz"
"SAN^C,""Banco Santander, S.A."",NYSE,Philippines,n/a,¥1662.22,Bagong Sikat"
ZTO,ZTO Express (Cayman) Inc.,NYSE,Colombia,Transportation,£8554.13,Aquitania
VEAC,Vantage Energy Acquisition Corp.,NASDAQ,Czech Republic,Finance,¥250.71,Opařany
"IDA,""IDACORP, Inc."",NYSE,China,Public Utilities,""€438,07"",Guali"
"MDXG,""MiMedx Group, Inc"",NASDAQ,Slovenia,Health Care,£9296.06,Divača"
DWIN,PowerShares DWA Tactical Multi-Asset Income Portfolio,NASDAQ,China,n/a,£6586.06,Pingdi
PAGG,PowerShares Global Agriculture Portfolio,NASDAQ,Indonesia,n/a,£4022.16,Cimanggu Wetan
DVAX,Dynavax Technologies Corporation,NASDAQ,South Korea,Health Care,£72.33,Jangheung
SBAC,SBA Communications Corporation,NASDAQ,Brazil,Consumer Services,$400.76,Balneário Camboriú
"BL,""BlackLine, Inc."",NASDAQ,Japan,n/a,$2084.58,Iwanuma"
"NNN,National Retail Properties,NYSE,Japan,Consumer Services,""€4530,88"",Shibata"
"BWXT,""BWX Technologies, Inc."",NYSE,Russia,Energy,$5964.32,Velikovechnoye"
TUES,Tuesday Morning Corp.,NASDAQ,Portugal,Consumer Services,$7072.80,Cete
"INN^B,""Summit Hotel Properties, Inc."",NYSE,China,n/a,£2557.36,Shuishiying"
ARH^C,Arch Capital Group Ltd.,NYSE,China,n/a,¥4841.98,Dupi
ASIX,AdvanSix Inc.,NYSE,Sweden,Basic Industries,£9241.15,Köpingsvik
AGD,Alpine Global Dynamic Dividend Fund,NYSE,Tanzania,n/a,¥5211.68,Magole
"HEES,""H&E Equipment Services, Inc."",NASDAQ,Czech Republic,n/a,£9151.86,Zdiby"
UDBI,Legg Mason US Diversified Core ETF,NASDAQ,Indonesia,n/a,£2463.39,Hewa
BAC^I,Bank of America Corporation,NYSE,New Zealand,n/a,¥2965.54,Mangere
EDI,Stone Harbor Emerging Markets Total Income Fund,NYSE,Brazil,n/a,$2848.84,Simões Filho
"CPIX,Cumberland Pharmaceuticals Inc.,NASDAQ,China,Health Care,""€232,69"",Huxi"
INAP,Internap Corporation,NASDAQ,Croatia,Technology,$700.89,Žrnovo
"PFPT,""Proofpoint, Inc."",NASDAQ,Netherlands,Technology,""€156,77"",Kampen (Overijssel)"
MSA,MSA Safety Incorporporated,NYSE,Croatia,Health Care,¥9566.71,Kamen
"ACST,""Acasti Pharma, Inc."",NASDAQ,Bosnia and Herzegovina,Health Care,$5850.48,Popovi"
"RWT,""Redwood Trust, Inc."",NYSE,China,Consumer Services,""€2966,00"",Zhangcaizhuang"
DGRS,WisdomTree U.S. SmallCap Quality Dividend Growth Fund,NASDAQ,China,n/a,¥9762.01,Tayuan
"FIVN,""Five9, Inc."",NASDAQ,Venezuela,Technology,¥2479.14,Tinaquillo"
"SGOC,""SGOCO Group, Ltd"",NASDAQ,China,Technology,¥6487.66,Heping"
"KINS,""Kingstone Companies, Inc"",NASDAQ,Serbia,Finance,£880.18,Ilandža"
"ZEN,""Zendesk, Inc."",NYSE,China,Technology,¥6521.80,Heicheng"
BOXC,Brookfield Canada Office Properties,NYSE,Iran,Consumer Services,¥2678.32,Dogonbadan
"PBIB,""Porter Bancorp, Inc."",NASDAQ,Dominican Republic,Finance,$6055.38,Cevicos"
"FPRX,""Five Prime Therapeutics, Inc."",NASDAQ,Kazakhstan,Health Care,¥9489.38,Khromtau"
"CDOR,""Condor Hospitality Trust, Inc."",NASDAQ,Republic of the Congo,Consumer Services,$4823.39,Kinkala"
"CBAN,""Colony Bankcorp, Inc."",NASDAQ,Philippines,Finance,$8878.44,Anambongan"
"HESM,Hess Midstream Partners LP,NYSE,Zambia,Energy,""€3878,11"",Limulunga"
"IPL^D,Interstate Power and Light Company,NYSE,China,n/a,""€604,14"",Jiaokui"
EMITF,Elbit Imaging Ltd.,NASDAQ,Russia,Consumer Services,£6259.85,Mayrtup
"FFNW,""First Financial Northwest, Inc."",NASDAQ,China,Finance,£1887.64,Piduhe"
ABEV,Ambev S.A.,NYSE,Albania,Consumer Non-Durables,¥9450.33,Bradashesh
"ODP,""Office Depot, Inc."",NASDAQ,Iran,Consumer Services,$1604.69,Sari"
LN,LINE Corporation,NYSE,Bosnia and Herzegovina,Technology,¥9230.88,Koran
ABEOW,Abeona Therapeutics Inc.,NASDAQ,Nigeria,Health Care,¥1082.67,Keffin Hausa
"SWM,""Schweitzer-Mauduit International, Inc."",NYSE,China,Basic Industries,""€9154,95"",Zhaolingpu"
XEL,Xcel Energy Inc.,NYSE,China,Public Utilities,$1615.22,Mijiang
"ALL,Allstate Corporation (The),NYSE,Israel,Finance,""€9302,05"",Mevo horon"
SBLK,Star Bulk Carriers Corp.,NASDAQ,United States,Transportation,¥9721.79,Albany
KR,Kroger Company (The),NYSE,France,Consumer Services,¥6909.52,Saint-Lô
"ICPT,""Intercept Pharmaceuticals, Inc."",NASDAQ,Philippines,Health Care,¥5880.20,Malitubog"
"BWFG,""Bankwell Financial Group, Inc."",NASDAQ,Canada,Finance,$39.63,Duncan"
"ALDW,""Alon USA Partners, LP"",NYSE,Russia,Energy,£7656.79,Chernukha"
VSEC,VSE Corporation,NASDAQ,Brazil,Consumer Services,¥6327.49,Barcarena
ECCZ,Eagle Point Credit Company Inc.,NYSE,Vietnam,n/a,$3414.46,Si Ma Cai
"PEO,""Adams Natural Resources Fund, Inc."",NYSE,Senegal,n/a,$3756.61,Gandiaye"
"CLVS,""Clovis Oncology, Inc."",NASDAQ,Argentina,Health Care,¥8079.07,General Guido"
"CUR,""Neuralstem, Inc."",NASDAQ,Belarus,Health Care,£1520.19,Lyeskawka"
OLN,Olin Corporation,NYSE,Philippines,Basic Industries,£5147.03,Calabaca
TG,Tredegar Corporation,NYSE,Guinea,Capital Goods,£9127.67,Fria
"SOI,""Solaris Oilfield Infrastructure, Inc."",NYSE,Croatia,Energy,""€4669,09"",Karlobag"
"AFW.CL,""American Financial Group, Inc."",NYSE,Aland Islands,n/a,£6237.24,Vårdö"
HEQ,John Hancock Hedged Equity & Income Fund,NYSE,Brazil,n/a,£6211.84,Jandaia do Sul
"GPACU,Global Partner Acquisition Corp.,NASDAQ,Portugal,Health Care,""€6480,83"",Alcanhões"
BIVV,Bioverativ Inc.,NASDAQ,Argentina,Health Care,¥667.23,Jacinto Arauz
"EFAS,Global X MSCI SuperDividend EAFE ETF,NASDAQ,Russia,n/a,""€7067,12"",Troitskaya"
MSB,Mesabi Trust,NYSE,Philippines,Basic Industries,¥7746.11,Tagdanua
SAIC,SCIENCE APPLICATIONS INTERNATIONAL CORPORATION,NYSE,Azerbaijan,Technology,¥4880.63,Beylagan
"TEVA,Teva Pharmaceutical Industries Limited,NYSE,Democratic Republic of the Congo,Health Care,""€2949,86"",Kabare"
VMC,Vulcan Materials Company,NYSE,China,Basic Industries,¥7388.35,Chengxi
RPM,RPM International Inc.,NYSE,China,Basic Industries,$9250.81,Dong’an
"INSW,""International Seaways, Inc."",NYSE,Morocco,Consumer Services,""€7504,53"",Temara"
TOWN,Towne Bank,NASDAQ,United States,n/a,¥1598.14,Charleston
WFC^W,Wells Fargo & Company,NYSE,Indonesia,n/a,£9281.13,Betong
SZC,Cushing Renaissance Fund (The),NYSE,China,n/a,¥8537.68,Pingqiao
EDUC,Educational Development Corporation,NASDAQ,Tajikistan,Consumer Durables,$2601.52,Dŭstí
"COLL,""Collegium Pharmaceutical, Inc."",NASDAQ,Indonesia,Health Care,$8992.24,Umbultanjung"
"TTD,""The Trade Desk, Inc."",NASDAQ,Indonesia,Technology,£152.74,Purwasari"
"NGHCZ,National General Holdings Corp,NASDAQ,Philippines,Finance,""€3321,41"",Villa Verde"
"ECC           ,Eagle Point Credit Company Inc.,NYSE,Indonesia,n/a,""€3465,93"",Gampengrejo"
"OPXA,""Opexa Therapeutics, Inc."",NASDAQ,Poland,Health Care,$8598.46,Zblewo"
BME,Blackrock Health Sciences Trust,NYSE,Philippines,n/a,£4205.51,Zaragoza
"SHOS,""Sears Hometown and Outlet Stores, Inc."",NASDAQ,Russia,Consumer Services,""€1734,59"",Tambov"
"GALE,""Galena Biopharma, Inc."",NASDAQ,Indonesia,Health Care,¥7954.13,Selasari"
LUNA,Luna Innovations Incorporated,NASDAQ,Poland,Health Care,¥6689.53,Mońki
VCO,Vina Concha Y Toro,NYSE,China,Consumer Non-Durables,$5006.51,Yanhe
CLIR,ClearSign Combustion Corporation,NASDAQ,Brazil,Capital Goods,£5064.76,Charqueadas
"SKIS,""Peak Resorts, Inc."",NASDAQ,Japan,Consumer Services,¥8069.25,Taketoyo"
"ELU,""Entergy Louisiana, Inc."",NYSE,France,Public Utilities,""€1708,77"",Tourcoing"
WFBI,WashingtonFirst Bankshares Inc,NASDAQ,Yemen,Finance,¥8592.07,Al Qurḩ
RFP,Resolute Forest Products Inc.,NYSE,China,Basic Industries,$1682.34,Xiangyun
"MDLZ,""Mondelez International, Inc."",NASDAQ,China,Consumer Non-Durables,£8749.16,Guhua"
GBLIZ,Global Indemnity Limited,NASDAQ,Russia,Finance,¥9714.09,Samashki
"BCO,Brink's Company (The),NYSE,China,Transportation,""€6269,69"",Duhu"
"CLBS,""Caladrius Biosciences, Inc."",NASDAQ,Nigeria,Health Care,¥4277.79,Zuru"
"ADTN,""ADTRAN, Inc."",NASDAQ,Indonesia,Public Utilities,¥1948.82,Panggunguni"
"VET,Vermilion Energy Inc.,NYSE,China,Energy,""€1061,48"",Dongxin"
LCI,Lannett Co Inc,NYSE,Belarus,Health Care,$8770.99,Aktsyabrski
ALLY^A,Ally Financial Inc.,NYSE,Yemen,n/a,¥811.68,Aḑ Ḑil‘
"CBAN,""Colony Bankcorp, Inc."",NASDAQ,Russia,Finance,¥3140.51,Sel’tso"
"TGT,Target Corporation,NYSE,United States,Consumer Services,""€5706,75"",Atlanta"
MTT,Western Asset Municipal Defined Opportunity Trust Inc,NYSE,Brazil,n/a,¥4770.74,Almenara
"BOJA,""Bojangles', Inc."",NASDAQ,Afghanistan,Consumer Services,""€3398,52"",Khulm"
EGIF,Eagle Growth and Income Opportunities Fund,NYSE,Chile,n/a,¥1605.63,Chiguayante
ARD,Ardagh Group S.A.,NYSE,China,Consumer Durables,$3481.30,Taoyuan
"DMTX,""Dimension Therapeutics, Inc."",NASDAQ,China,Health Care,$5902.56,Fushi"
RY^T,Royal Bank Of Canada,NYSE,Mongolia,n/a,$2204.76,Tsagaandörvölj
FTXG,First Trust Nasdaq Food & Beverage ETF,NASDAQ,Philippines,n/a,£6393.51,Santa Fe
"CSGS,""CSG Systems International, Inc."",NASDAQ,Poland,Technology,$8655.70,Rokitno"
DNI,Dividend and Income Fund,NYSE,Indonesia,n/a,$1992.61,Sidomakmur
"OPXAW,""Opexa Therapeutics, Inc."",NASDAQ,China,Health Care,$8565.30,Xingguo"
"OVAS,OvaScience Inc.,NASDAQ,Argentina,Health Care,""€2463,32"",Comodoro Rivadavia"
GLNG,Golar LNG Limited,NASDAQ,Portugal,Consumer Services,¥6982.73,Bairros
"NATR,""Nature's Sunshine Products, Inc."",NASDAQ,Philippines,Health Care,£7928.12,Matayumtayum"
NTEST.C,NASDAQ TEST STOCK,NYSE,Philippines,n/a,$5841.10,Dumingag
CVG,Convergys Corporation,NYSE,China,Technology,$3934.34,Meipu
"OPP,""RiverNorth/DoubleLine Strategic Opportunity Fund, Inc."",NYSE,Russia,n/a,¥3024.11,Yumaguzino"
"FRP,""FairPoint Communications, Inc."",NASDAQ,Indonesia,Public Utilities,$1442.03,Tertek"
GPIAW,GP Investments Acquisition Corp.,NASDAQ,Belarus,Consumer Durables,¥8096.43,Kobryn
TRS,TriMas Corporation,NASDAQ,Morocco,Capital Goods,$6301.99,Sidi Lamine
RY,Royal Bank Of Canada,NYSE,Brazil,Finance,¥8453.27,Ipirá
"LL,""Lumber Liquidators Holdings, Inc"",NYSE,Armenia,Consumer Services,$6080.25,Lukashin"
EBTC,Enterprise Bancorp Inc,NASDAQ,Pakistan,Finance,£7071.00,Shabqadar
"OHGI,""One Horizon Group, Inc."",NASDAQ,Philippines,Public Utilities,£7161.86,Tayabo"
OGE,OGE Energy Corporation,NYSE,Macedonia,Public Utilities,£9895.12,Shtip
"PLXP,PLx Pharma Inc.,NASDAQ,China,Health Care,""€1692,62"",Datong"
MRIN,Marin Software Incorporated,NYSE,United States,Technology,¥3800.42,Yonkers
MANT,ManTech International Corporation,NASDAQ,Indonesia,Consumer Services,£6881.33,Banjar Dukuh
"PRPH,""ProPhase Labs, Inc."",NASDAQ,Ivory Coast,Health Care,""€8523,19"",Divo"
"BOX,""Box, Inc."",NYSE,Thailand,Technology,¥3065.67,Chumphon"
EMR,Emerson Electric Company,NYSE,Indonesia,Energy,$1085.41,Cikalong
"PVTBP,""PrivateBancorp, Inc."",NASDAQ,China,Finance,¥7121.13,Miaotou"
RMR,The RMR Group Inc.,NASDAQ,Poland,Consumer Services,¥63.16,Oksa
"RGC,Regal Entertainment Group,NYSE,China,Consumer Services,""€9189,37"",Mutang"
"TCBI,""Texas Capital Bancshares, Inc."",NASDAQ,Netherlands,Finance,£7245.17,Tiel"
"WERN,""Werner Enterprises, Inc."",NASDAQ,Portugal,Transportation,£1702.37,Serra da Boa Viagem"
ICLN,iShares S&P Global Clean Energy Index Fund,NASDAQ,China,n/a,¥5261.67,Zhangcaizhuang
"UMH,""UMH Properties, Inc."",NYSE,Portugal,Consumer Services,""€122,35"",Lama"
OFG^A,OFG Bancorp,NYSE,Russia,Finance,$7790.80,Sokol’skoye
"CAH,""Cardinal Health, Inc."",NYSE,China,Health Care,£6223.36,Liuhu"
"AC,""Associated Capital Group, Inc."",NYSE,Ghana,Finance,$5425.20,Cape Coast"
"APLE,""Apple Hospitality REIT, Inc."",NYSE,Philippines,Consumer Services,¥2750.95,Binitinan"
"ADP,""Automatic Data Processing, Inc."",NASDAQ,Indonesia,Technology,$5609.41,Blawi"
"SSTI,""ShotSpotter, Inc."",NASDAQ,Argentina,Technology,¥9896.76,General Roca"
"GAM,""General American Investors, Inc."",NYSE,Philippines,n/a,""€456,00"",Maao"
EDN,Empresa Distribuidora Y Comercializadora Norte S.A. (Edenor),NYSE,China,Public Utilities,£8883.94,Jianggu
ADNT,Adient plc,NYSE,China,Capital Goods,¥9652.20,Huantuo
CYAD,Celyad SA,NASDAQ,Russia,Health Care,£7074.22,Narimanov
NEWTL,Newtek Business Services Corp.,NASDAQ,Sweden,n/a,¥7502.13,Arvika
EGLE,Eagle Bulk Shipping Inc.,NASDAQ,Indonesia,Transportation,$5471.45,Krajan Tengah
"EMITF,Elbit Imaging Ltd.,NASDAQ,Indonesia,Consumer Services,""€9853,82"",Sungai Raya"
ZUMZ,Zumiez Inc.,NASDAQ,China,Consumer Services,¥7053.97,Suzhou
EXA,Exa Corporation,NASDAQ,Indonesia,Technology,¥3375.62,Keboireng
"RUSHA,""Rush Enterprises, Inc."",NASDAQ,Ireland,Consumer Durables,£8752.78,Rathangan"
UVSP,Univest Corporation of Pennsylvania,NASDAQ,Serbia,Finance,£183.76,Tomaševac
"CAPR,""Capricor Therapeutics, Inc."",NASDAQ,China,Health Care,$4502.94,Bamiantong"
INT,World Fuel Services Corporation,NYSE,Brazil,Energy,£1747.32,Teófilo Otoni
WFC.WS,Wells Fargo & Company,NYSE,Ukraine,n/a,¥5507.79,Dzvinogrud
"CLMT,""Calumet Specialty Products Partners, L.P."",NASDAQ,Brazil,Energy,£5219.03,Itaperuçu"
"AVAV,""AeroVironment, Inc."",NASDAQ,China,Capital Goods,$6958.19,Hengdaohezi"
"ALSK,""Alaska Communications Systems Group, Inc."",NASDAQ,Central African Republic,Public Utilities,$1589.80,Batangafo"
"LBIX,Leading Brands Inc,NASDAQ,Indonesia,Consumer Non-Durables,""€3336,30"",Sindangkerta"
"TCS,Container Store (The),NYSE,Poland,Consumer Services,""€1061,05"",Kampinos"
"GASS,""StealthGas, Inc."",NASDAQ,China,Transportation,£7065.67,Shuangxi"
"AGX,""Argan, Inc."",NYSE,Japan,Basic Industries,£4895.42,Obanazawa"
"AIG.WS,""American International Group, Inc."",NYSE,Luxembourg,n/a,""€8043,42"",Niedercorn"
DNBF,DNB Financial Corp,NASDAQ,Indonesia,Finance,$4035.21,Mulyadadi
"HMTV,""Hemisphere Media Group, Inc."",NASDAQ,Russia,Consumer Services,$7443.85,Vladikavkaz"
SRET,Global X SuperDividend REIT ETF,NASDAQ,Ukraine,n/a,$4203.84,Krasnodon
"PGTI,""PGT Innovations, Inc."",NYSE,Ukraine,Capital Goods,$5305.15,Nikopol’"
FJP,First Trust Japan AlphaDEX Fund,NASDAQ,China,n/a,£1715.93,Yongping
PLPC,Preformed Line Products Company,NASDAQ,Canada,Basic Industries,$9731.09,Beausejour
TU,TELUS Corporation,NYSE,Indonesia,Public Utilities,$3376.46,Sumberpucung
"LB,""L Brands, Inc."",NYSE,Portugal,Consumer Services,£9860.87,Costa de Rios Frios"
"AWP,Alpine Global Premier Properties Fund,NYSE,Russia,n/a,""€2186,69"",Bolkhov"
"OMEX,""Odyssey Marine Exploration, Inc."",NASDAQ,Thailand,Consumer Services,$4330.56,Sap Yai"
BKH,Black Hills Corporation,NYSE,Indonesia,Public Utilities,¥8623.35,Cibitung
EMN,Eastman Chemical Company,NYSE,Poland,Basic Industries,$3163.86,Jasienica Rosielna
JMT,Nuven Mortgage Opportunity Term Fund 2,NYSE,Philippines,n/a,£3483.25,Concepcion
DVA,DaVita Inc.,NYSE,Indonesia,Health Care,$5209.27,Aeka
DD^A,E.I. du Pont de Nemours and Company,NYSE,China,Basic Industries,$1019.93,Derbur
VEEV,Veeva Systems Inc.,NYSE,China,Technology,£1279.03,Namling
"VTL,""Vital Therapies, Inc."",NASDAQ,Russia,Health Care,¥2172.58,Kaz"
AIA,iShares Asia 50 ETF,NASDAQ,Portugal,n/a,£622.84,Ribeiro
PDS,Precision Drilling Corporation,NYSE,China,Energy,¥2299.52,Chenghe
CPS,Cooper-Standard Holdings Inc.,NYSE,Portugal,Capital Goods,$2589.05,Mina de São Domingos
LBRDK,Liberty Broadband Corporation,NASDAQ,France,Consumer Services,£6986.19,Vagney
"HE^U,""Hawaiian Electric Industries, Inc."",NYSE,China,n/a,£9730.36,Tujing"
"MGYR,""Magyar Bancorp, Inc."",NASDAQ,Brazil,Finance,¥6818.54,Pôsto Fiscal Rolim de Moura"
"ANTH,""Anthera Pharmaceuticals, Inc."",NASDAQ,Ukraine,Health Care,""€4032,99"",Pechenizhyn"
BXMX,Nuveen S&P 500 Buy-Write Income Fund,NYSE,Japan,n/a,$628.73,Yao
AMGP,Antero Midstream GP LP,NYSE,Aruba,Public Utilities,£7869.79,Angochi
"PNC,""PNC Financial Services Group, Inc. (The)"",NYSE,Palestinian Territory,Finance,$5261.62,Kufayrit"
"MYN,""Blackrock MuniYield New York Quality Fund, Inc."",NYSE,France,n/a,""€1547,22"",Massy"
KKR^A,KKR & Co. L.P.,NYSE,New Zealand,n/a,£4222.40,Whakatane
WFC^W,Wells Fargo & Company,NYSE,Brazil,n/a,$1957.45,Conceição da Feira
"RP,""RealPage, Inc."",NASDAQ,China,Technology,$954.35,Yuzhai"
SLRA,Solar Capital Ltd.,NYSE,Russia,n/a,¥2714.71,Ozerki
"OZRK,Bank of the Ozarks,NASDAQ,Brazil,Finance,""€217,77"",Mari"
IXYS,IXYS Corporation,NASDAQ,France,Technology,¥2028.34,Tarascon
ALGT,Allegiant Travel Company,NASDAQ,Greece,Transportation,¥5157.36,Thymianá
ATO,Atmos Energy Corporation,NYSE,Greece,Public Utilities,¥6771.66,Kréstena
"DHI,""D.R. Horton, Inc."",NYSE,Mongolia,Capital Goods,¥108.62,Chandmanĭ"
CMO^E,Capstead Mortgage Corporation,NYSE,Portugal,n/a,£223.51,Nagoselo do Douro
HES,Hess Corporation,NYSE,China,Energy,¥4063.86,Beizhang
"PEP,""Pepsico, Inc."",NYSE,Samoa,Consumer Non-Durables,£9116.00,Vailoa"
FWRD,Forward Air Corporation,NASDAQ,Portugal,Transportation,$3697.17,Monte Agudo
"DFIN,""Donnelley Financial Solutions, Inc."",NYSE,Albania,Consumer Services,$9147.26,Derjan"
"MS,Morgan Stanley,NYSE,Ecuador,Finance,""€3909,40"",Ibarra"
"FFIV,""F5 Networks, Inc."",NASDAQ,France,Technology,¥3189.32,Niort"
"AB,AllianceBernstein Holding L.P.,NYSE,Mexico,Finance,""€3345,45"",Loma Bonita"
HSC,Harsco Corporation,NYSE,Indonesia,Capital Goods,£5971.34,Sikka
"CATS,""Catasys, Inc."",NASDAQ,Pakistan,Health Care,£3173.21,Jarānwāla"
"DWAT,Arrow DWA Tactical ETF,NASDAQ,Macedonia,n/a,""€6688,55"",Kavadarci"
"SCKT,""Socket Mobile, Inc."",NASDAQ,Peru,Technology,¥2464.40,Pueblo Nuevo"
"PAGP,""Plains Group Holdings, L.P."",NYSE,Thailand,Energy,""€5453,74"",Ubon Ratchathani"
"ROIC,Retail Opportunity Investments Corp.,NASDAQ,China,Consumer Services,""€6762,38"",Dayanggezhuang"
"OFC^L.CL,Corporate Office Properties Trust,NYSE,Tanzania,n/a,""€6902,58"",Kigoma"
TVC,Tennessee Valley Authority,NYSE,Colombia,Public Utilities,$9478.82,Chigorodó
"MEI,""Methode Electronics, Inc."",NYSE,Austria,Capital Goods,$2205.65,Zwettl"
"CLDT,Chatham Lodging Trust (REIT),NYSE,Indonesia,Consumer Services,""€5353,61"",Melati"
"LCA,""Landcadia Holdings, Inc."",NASDAQ,Philippines,Finance,¥3262.30,Santol"
NNN,National Retail Properties,NYSE,China,Consumer Services,¥1792.28,Laoshawan
"ORN,""Orion Group Holdings, Inc."",NYSE,China,Basic Industries,$2646.10,Xinfeng"
MTDR,Matador Resources Company,NYSE,France,Energy,£2449.52,Quimperlé
"WPX,""WPX Energy, Inc."",NYSE,Syria,Energy,¥2613.35,Nāḩiyat as Sab‘ Biyār"
"EGL,""Engility Holdings, Inc."",NYSE,China,Consumer Services,$2038.29,Liutan"
"DHT,""DHT Holdings, Inc."",NYSE,Indonesia,Transportation,$373.02,Pamanukan"
"YTEN,""Yield10 Bioscience, Inc."",NASDAQ,Philippines,Basic Industries,""€4755,05"",Claveria"
"SRCL,""Stericycle, Inc."",NASDAQ,Turkmenistan,Basic Industries,""€5361,70"",Yylanly"
GAINO,Gladstone Investment Corporation,NASDAQ,Indonesia,n/a,£2155.62,Nangewer
"SEV,""Sevcon, Inc."",NASDAQ,Sweden,Energy,£1005.79,Skärholmen"
CRNT,Ceragon Networks Ltd.,NASDAQ,Poland,Technology,¥8376.14,Rzeczenica
"SPR,""Spirit Aerosystems Holdings, Inc."",NYSE,Indonesia,Capital Goods,¥2095.53,Ujung Gading"
"HRB,""H&R Block, Inc."",NYSE,Bosnia and Herzegovina,Consumer Services,¥2714.04,Potoci"
HBANN,Huntington Bancshares Incorporated,NASDAQ,Honduras,Finance,$5331.51,Concepción de la Barranca
"SPCB,""SuperCom, Ltd."",NASDAQ,Canada,Technology,$1184.26,Golden"
"FELE,""Franklin Electric Co., Inc."",NASDAQ,Croatia,Consumer Durables,$1527.35,Belišće"
"JASN,""Jason Industries, Inc."",NASDAQ,Pakistan,Consumer Durables,""€1125,30"",Kunri"
"ATVI,""Activision Blizzard, Inc"",NASDAQ,Indonesia,Technology,£3781.92,Gondanglegi Wetan"
"KBWR,PowerShares KBW Regional Banking Portfolio,NASDAQ,China,n/a,""€7003,37"",Liuhe"
TAPR,Barclays Inverse US Treasury Composite ETN,NASDAQ,Colombia,Finance,¥9447.67,Sampués
"ECCB,Eagle Point Credit Company Inc.,NYSE,Philippines,n/a,""€5048,92"",Acli"
"LPTX,""LEAP THERAPEUTICS, INC."",NASDAQ,China,Health Care,$6163.65,Daohe"
HMTA,HomeTown Bankshares Corporation,NASDAQ,China,Finance,$4325.50,Dahedian
"CYS^B,""CYS Investments, Inc."",NYSE,Brazil,n/a,""€7269,86"",Sete Lagoas"
TPL,Texas Pacific Land Trust,NYSE,South Africa,Energy,£6902.17,Potchefstroom
"NKSH,""National Bankshares, Inc."",NASDAQ,Brazil,Finance,$9522.22,Massaranduba"
"CVCO,""Cavco Industries, Inc."",NASDAQ,Marshall Islands,Basic Industries,¥1166.50,Rongelap"
"FLXS,""Flexsteel Industries, Inc."",NASDAQ,China,Consumer Durables,""€2162,08"",Quxi"
"FNLC,""First Bancorp, Inc (ME)"",NASDAQ,Pakistan,Finance,""€6922,92"",Harnoli"
"ARGS,""Argos Therapeutics, Inc."",NASDAQ,Sweden,Health Care,""€2432,88"",Haninge"
"AMH^F,American Homes 4 Rent,NYSE,Indonesia,n/a,""€4286,46"",Ketanggungan"
"TOWR,""Tower International, Inc."",NYSE,Indonesia,Capital Goods,$7247.52,Cirangga Kidul"
CDW,CDW Corporation,NASDAQ,Portugal,Consumer Services,$6777.51,Agrela
WEN,Wendy's Company (The),NASDAQ,Portugal,Consumer Services,$5871.14,Carvalhal
NVS,Novartis AG,NYSE,Micronesia,Health Care,£4255.16,Oneop
"GCAP,""GAIN Capital Holdings, Inc."",NYSE,South Korea,Finance,¥1875.05,Iksan"
"UCBI,""United Community Banks, Inc."",NASDAQ,Indonesia,Finance,""€6218,07"",Pinggan"
PZE,Petrobras Argentina S.A.,NYSE,Thailand,Energy,¥4861.15,Mae Lan
"DST,""DST Systems, Inc."",NYSE,Poland,Technology,""€6370,65"",Piekoszów"
FMCIR,Forum Merger Corporation,NASDAQ,Indonesia,Finance,£2362.64,Sukadana
"NEE^G,""NextEra Energy, Inc."",NYSE,Portugal,n/a,¥7462.59,Barreiros"
"ENJ,""Entergy New Orleans, Inc."",NYSE,Poland,Public Utilities,£2042.51,Września"
KIM,Kimco Realty Corporation,NYSE,Poland,Consumer Services,£8947.88,Świnice Warckie
CRME,Cardiome Pharma Corporation,NASDAQ,Mexico,Health Care,£4079.14,San Antonio
OMAM,OM Asset Management plc,NYSE,China,Finance,$2645.35,Xingyi
GLBZ,Glen Burnie Bancorp,NASDAQ,Japan,Finance,$4218.55,Kazuno
"FET,""Forum Energy Technologies, Inc."",NYSE,China,Energy,""€389,54"",Zhongxin"
"QUAD,""Quad Graphics, Inc"",NYSE,Bulgaria,Miscellaneous,£2709.27,Tvŭrditsa"
"MODN,""Model N, Inc."",NYSE,Indonesia,Technology,""€3303,80"",Golomunta"
"DVD,""Dover Motorsports, Inc."",NYSE,China,Consumer Services,""€3948,49"",Qinglian"
"ANTM,""Anthem, Inc."",NYSE,Latvia,Health Care,£2298.43,Līgatne"
JPM^G,J P Morgan Chase & Co,NYSE,Philippines,n/a,£7950.21,Santa Marcela
CHMG,Chemung Financial Corp,NASDAQ,Canada,Finance,¥7440.90,Princeville
"RYN,Rayonier Inc.,NYSE,Portugal,Consumer Services,""€369,66"",Lousa"
"MINDP,""Mitcham Industries, Inc."",NASDAQ,Nigeria,Technology,$9376.05,Tegina"
"TYG,Tortoise Energy Infrastructure Corporation,NYSE,Denmark,n/a,""€9195,61"",København"
LGCYP,Legacy Reserves LP,NASDAQ,Russia,Energy,£7358.81,Nema
"UONEK,""Urban One, Inc. "",NASDAQ,Japan,Consumer Services,""€1601,84"",Ōtawara"
DISH,DISH Network Corporation,NASDAQ,China,Consumer Services,¥366.17,Zhutian
"TWNKW,""Hostess Brands, Inc."",NASDAQ,Indonesia,Consumer Non-Durables,£2236.47,Pamotan"
GOLF,Acushnet Holdings Corp.,NYSE,China,Consumer Non-Durables,£648.98,Hangkou
DS^B,Drive Shack Inc.,NYSE,Philippines,n/a,¥4233.90,San Martin
"KNL,""Knoll, Inc."",NYSE,Philippines,Consumer Durables,£3892.03,Doyong"
"NSR,""Neustar, Inc."",NYSE,Brazil,Consumer Services,¥9692.26,Brumado"
"SNBC,""Sun Bancorp, Inc."",NASDAQ,China,Finance,""€279,30"",Fujiayan"
"SREV,""ServiceSource International, Inc."",NASDAQ,Peru,Miscellaneous,""€5402,49"",Chapimarca"
"URRE,""Uranium Resources, Inc."",NASDAQ,Mexico,Basic Industries,¥4156.46,San Rafael"
NLY,Annaly Capital Management Inc,NYSE,Portugal,Consumer Services,¥8101.00,Boavista
PML,Pimco Municipal Income Fund II,NYSE,China,n/a,$4982.40,Ziyuan
"HBP,""Huttig Building Products, Inc."",NASDAQ,Poland,Consumer Services,¥4373.41,Narew"
REG^G,Regency Centers Corporation,NYSE,France,n/a,¥928.02,Lille
BANR,Banner Corporation,NASDAQ,China,Finance,¥4931.55,Tuojiang
"ASGN,""On Assignment, Inc."",NYSE,Argentina,Technology,$4239.32,Chamical"
"NTRI,NutriSystem Inc,NASDAQ,Indonesia,Consumer Services,""€6464,89"",Pahing Pamulihan"
ASB^C,Associated Banc-Corp,NYSE,Portugal,n/a,£9214.97,Portela
"AQB,""AquaBounty Technologies, Inc."",NASDAQ,Paraguay,n/a,""€6032,40"",Asunción"
"SNN,""Smith & Nephew SNATS, Inc."",NYSE,South Korea,Health Care,$1213.95,Yesan"
"RKDA,""Arcadia Biosciences, Inc."",NASDAQ,Mongolia,Basic Industries,$2802.77,Javhlant"
HT,Hersha Hospitality Trust,NYSE,South Africa,Consumer Services,¥9597.05,Benoni
AIC,Arlington Asset Investment Corp,NYSE,Indonesia,Finance,£6750.61,Mungkin
"HLS,HealthSouth Corporation,NYSE,Russia,Health Care,""€1120,47"",Maslovka"
"BSTG,""Biostage, Inc."",NASDAQ,Philippines,Health Care,¥6729.02,Malitbog"
WFC^L,Wells Fargo & Company,NYSE,Indonesia,n/a,¥4570.32,Jalinan
MIC,Macquarie Infrastructure Company,NYSE,Greece,Energy,¥6727.95,Afántou
MGF,MFS Government Markets Income Trust,NYSE,Indonesia,n/a,¥8917.01,Pule
"TBNK,Territorial Bancorp Inc.,NASDAQ,Poland,Finance,""€9899,34"",Racławice"
"MTH,Meritage Corporation,NYSE,Serbia,Capital Goods,""€239,20"",Gardinovci"
"SGEN,""Seattle Genetics, Inc."",NASDAQ,Russia,Health Care,£9766.42,Rybatskoye"
TITN,Titan Machinery Inc.,NASDAQ,Indonesia,Consumer Services,$2922.95,Jajarkrajan
TAP,Molson Coors Brewing  Company,NYSE,Indonesia,Consumer Non-Durables,¥3209.94,Siwalan
ROSG,Rosetta Genomics Ltd.,NASDAQ,Poland,Health Care,£6656.59,Ludwin
HRZN,Horizon Technology Finance Corporation,NASDAQ,United States,n/a,¥4970.81,Richmond
"WMS,""Advanced Drainage Systems, Inc."",NYSE,France,Capital Goods,""€619,24"",Saint-Amand-les-Eaux"
FCH,FelCor Lodging Trust Incorporated,NYSE,China,Consumer Services,¥1216.89,Dongwan
"BKFS,""Black Knight Financial Services, Inc."",NYSE,France,Technology,¥3267.95,Saint-Ouen"
SCE^K,Southern California Edison Company,NYSE,Ukraine,n/a,£5913.33,Novoselitsa
CTSO,Cytosorbents Corporation,NASDAQ,Finland,Health Care,$9504.92,Ranua
"TSBK,""Timberland Bancorp, Inc."",NASDAQ,Georgia,Finance,""€2239,10"",Borjomi"
"PYDS,""Payment Data Systems, Inc."",NASDAQ,Indonesia,Finance,$8575.95,Cikandang"
EXFO,EXFO Inc,NASDAQ,Senegal,Capital Goods,$2933.83,Ouro Sogui
LPX,Louisiana-Pacific Corporation,NYSE,Seychelles,Basic Industries,¥5963.10,Anse Royale
HIFS,Hingham Institution for Savings,NASDAQ,Indonesia,n/a,¥5360.05,Babantar
"NXEOU,""Nexeo Solutions, Inc."",NASDAQ,Philippines,Consumer Durables,$24.37,Cortes"
BML^L,Bank of America Corporation,NYSE,Iran,n/a,¥7802.16,Mahābād
"PIR,""Pier 1 Imports, Inc."",NYSE,China,Consumer Services,£1065.76,Jingang"
LADR,Ladder Capital Corp,NYSE,Sweden,Consumer Services,¥3697.26,Bagarmossen
HNH,Handy & Harman Ltd.,NASDAQ,Argentina,Capital Goods,¥9194.07,Mar del Plata
LHCG,LHC Group,NASDAQ,Poland,Health Care,$3125.03,Nowe
"AIQ,""Alliance HealthCare Services, Inc."",NASDAQ,Indonesia,Health Care,£9501.60,Cilolongokan"
"JOBS,""51job, Inc."",NASDAQ,Mexico,Technology,$9997.19,Lazaro Cardenas"
ETH,Ethan Allen Interiors Inc.,NYSE,Mexico,Consumer Durables,¥2921.55,El Alamo
FLAT,iPath US Treasury Flattener ETN,NASDAQ,China,Finance,$7206.67,Baitang
"HMNF,""HMN Financial, Inc."",NASDAQ,Portugal,Finance,$9138.64,Carvalhinho"
NXQ,Nuveen Select Tax Free Income Portfolio II,NYSE,East Timor,n/a,£9319.13,Liquica
"HOVNP,Hovnanian Enterprises Inc,NASDAQ,Peru,Capital Goods,""€6254,69"",Carabamba"
BLBD,Blue Bird Corporation,NASDAQ,Peru,Capital Goods,£2280.21,Jangas
JPM^F,J P Morgan Chase & Co,NYSE,France,n/a,£5378.61,Langres
AFT,Apollo Senior Floating Rate Fund Inc.,NYSE,China,n/a,$8265.74,Wucheng
CPST,Capstone Turbine Corporation,NASDAQ,Armenia,Energy,$2896.39,Verin Dvin
OTEX,Open Text Corporation,NASDAQ,Indonesia,Technology,£1654.90,Bangekdewa
ABEOW,Abeona Therapeutics Inc.,NASDAQ,Malaysia,Health Care,$6398.19,Kuala Lumpur
FRO,Frontline Ltd.,NYSE,United States,Transportation,¥872.21,Memphis
"CBT,Cabot Corporation,NYSE,China,Basic Industries,""€5406,59"",Maliuzui"
"PBIP,""Prudential Bancorp, Inc."",NASDAQ,Indonesia,Finance,$6878.71,Triwil"
MITL,Mitel Networks Corporation,NASDAQ,Thailand,Technology,£5631.21,Bamnet Narong
ARRS,ARRIS International plc,NASDAQ,China,Technology,¥1923.72,Mashi
"CYCCP,""Cyclacel Pharmaceuticals, Inc."",NASDAQ,Russia,Health Care,$851.20,Kiritsy"
LEJU,Leju Holdings Limited,NYSE,Philippines,Finance,£9113.93,Alcoy
SNFCA,Security National Financial Corporation,NASDAQ,Czech Republic,Finance,$2841.34,Horní Čermná
PTNR,Partner Communications Company Ltd.,NASDAQ,Tunisia,Public Utilities,$23.62,Siliana
AGEN,Agenus Inc.,NASDAQ,China,Health Care,$5506.69,Hangzhou
"MDRX,""Allscripts Healthcare Solutions, Inc."",NASDAQ,Ireland,Technology,$5364.50,Donabate"
CVO,Cenveo Inc,NYSE,China,Consumer Durables,£8101.09,Hulitu
ADHD,Alcobra Ltd.,NASDAQ,South Korea,Health Care,¥1539.12,Jangheung
"MYI,""Blackrock MuniYield Quality Fund III, Inc."",NYSE,Brazil,n/a,""€2423,27"",Maracás"
"VTWV,Vanguard Russell 2000 Value ETF,NASDAQ,United States,n/a,""€9838,73"",Newton"
"JW.A,""John Wiley & Sons, Inc."",NYSE,Tonga,n/a,¥6404.97,Haveluloto"
"AGX,""Argan, Inc."",NYSE,Pakistan,Basic Industries,£9166.09,Mīrpur Sakro"
RMGN,RMG Networks Holding Corporation,NASDAQ,Indonesia,Miscellaneous,£3196.62,Gadon
FOXF,Fox Factory Holding Corp.,NASDAQ,Russia,Consumer Non-Durables,¥3854.48,Leninogorsk
CHK^D,Chesapeake Energy Corporation,NYSE,Jordan,n/a,$2625.53,Saḩāb
"MRDNW,""Meridian Waste Solutions, Inc"",NASDAQ,Indonesia,Basic Industries,$6706.39,Kuluran"
"FLKS,""Flex Pharma, Inc."",NASDAQ,Netherlands,Health Care,""€7849,04"",Leidschendam"
WFC.WS,Wells Fargo & Company,NYSE,Tanzania,n/a,£7264.33,Kabanga
"QEP,""QEP Resources, Inc."",NYSE,Portugal,Energy,""€9161,12"",Zambujeira do Mar"
"EVLV,EVINE Live Inc.,NASDAQ,China,Consumer Services,""€2166,19"",Ala"
"OA,""Orbital ATK, Inc."",NYSE,Panama,Capital Goods,£192.55,Dolega District"
"BKE,""Buckle, Inc. (The)"",NYSE,China,Consumer Services,""€5333,20"",Huangjindong"
ACET,Aceto Corporation,NASDAQ,China,Health Care,$7200.02,Miaoya
"SAUC,""Diversified Restaurant Holdings, Inc."",NASDAQ,Indonesia,Consumer Services,""€9864,89"",Bulangan"
"LPNT,""LifePoint Health, Inc."",NASDAQ,Russia,Health Care,£1253.34,Zhukovo"
"RKDA,""Arcadia Biosciences, Inc."",NASDAQ,Finland,Basic Industries,£2819.84,Kokemäki"
CAB,Cabela's Inc,NYSE,Peru,Consumer Services,£1597.10,Longotea
STC,Stewart Information Services Corporation,NYSE,China,Finance,¥2767.65,Xinhua
TEAR,TearLab Corporation,NASDAQ,Finland,Health Care,$5238.63,Perniö
SSW^D,Seaspan Corporation,NYSE,China,n/a,¥1198.69,Xiaotang
"BPFHW,""Boston Private Financial Holdings, Inc."",NASDAQ,Russia,Finance,$6651.12,Russkaya Polyana"
EHT,Eaton Vance High Income 2021 Target Term Trust,NYSE,Russia,n/a,¥4831.45,Ubinskoye
"FTRI,First Trust Indxx Global Natural Resources Income ETF,NASDAQ,Greece,n/a,""€3502,21"",Mandráki"
FNB^E,F.N.B. Corporation,NYSE,China,n/a,¥8158.16,Maqia
PAACR,Pacific Special Acquisition Corp.,NASDAQ,Philippines,Finance,£4035.26,Binonga
