ID,Ime,Priimek,Dr≈æava,Racun,Skrbnik
229,Selby,Tasseler,Portugal,HR23 3237 2884 4350 0455 5,false
210,Kiley,MacArd,China,PK19 RXJU QX4U I16I 4IKY DJHC,true
182,Jobie,Pflieger,Lebanon,MR36 5438 1088 5253 1852 6665 463,false
656,Sibyl,Spawforth,France,FR40 8616 3843 15PS YZGJ QCLR M00,true
721,Winni,Lightewood,Mexico,IL66 3658 9350 2717 3829 893,false
268,Audrey,Preshaw,Sweden,MR54 4494 8234 5922 2266 5557 344,true
579,Eugenius,Paradin,Mexico,PK31 AQMS U416 HM4B 69EF SGPD,true
387,Jakie,Yoskowitz,Greece,FR43 7608 6528 776W 9UV4 0N6N Z33,false
513,Madalena,Pimmocke,China,PS57 AIVC RPKH R2HP SP5N 18DR F5LU N,false
938,Jeanne,Imlach,Namibia,FR86 6790 6088 66Q8 ARXH 2BRK N24,false
198,Jazmin,Mouat,Czech Republic,FR54 4143 8488 26LU TQKJ O2EH 631,true
538,Nikolai,Boncore,Democratic Republic of the Congo,BG12 UXXP 9732 47JD FMYL CJ,false
288,Krispin,Brislan,Kazakhstan,RS54 1908 4652 6950 9271 70,true
524,Laverne,Aistrop,Ukraine,FR79 3511 7351 776V FJLG CTPC W34,false
435,Avram,Coalbran,Russia,IT23 Y847 0446 4455 ICVR Q68Q K2I,true
303,Florance,McCrohon,Poland,MR03 7958 0289 1283 4526 7956 503,true
667,Marven,Bawles,Indonesia,VG13 VGVQ 5127 3647 0186 5871,true
916,Zelda,Flacknoe,Philippines,MK62 640V ZJCU LPKH S73,false
575,Loreen,Cherry,Angola,MR96 1670 0989 0483 8170 1303 871,false
237,Daniel,Tew,Mexico,FR91 0351 7708 62LP NQYU QFKG T70,true
488,Danya,Crosi,Botswana,FO70 5444 8446 8586 22,false
6,Terrill,Byrd,Guinea,ES61 3484 9583 8150 4984 2252,false
319,Ethel,Jacques,Tajikistan,RO24 LIJN VLWP E41X 1NR4 6C1R,false
959,Bert,Banbury,China,IT43 Q401 2629 8990 D1MC HGGB XLJ,false
935,Marc,Levesley,Indonesia,TN08 3811 1396 3804 9491 6677,false
140,Lorenza,Zeal,Indonesia,FR87 3787 7387 33XF RSVH PWHE X56,true
4,Nichole,Antill,Thailand,BH02 GASB LEU1 IEX2 VFLE 37,false
877,Leigh,Strutley,Morocco,HU98 4135 1976 5881 7776 7600 3980,true
595,Bobbi,Gherardelli,South Korea,FR61 8592 8366 859N RJV5 NWNT V69,false
886,Thorndike,Cattlow,Oman,GR02 6888 850Q MDII IJH8 GYFG PE3,false
672,Alwin,Guys,Indonesia,AT44 7376 1586 9354 1244,true
23,Maren,Casemore,Japan,GL15 1994 8498 8231 70,true
680,Nat,Tarquini,China,IL77 7467 8815 7790 1500 705,false
568,Donny,Frugier,China,ES05 8931 7710 6873 2287 8253,true
338,Courtney,Stickley,Russia,FR17 4570 9902 69HM E546 YBAB 948,false
922,Archibold,Pelling,China,FR76 0534 4319 928R 03MG DSZS U38,true
930,Anastasie,Alekhov,Philippines,FR05 9107 1040 9046 BHET ILVY S92,false
877,Leigh,Strutley,Morocco,FR91 0796 5121 78XG ERQJ 36MS N67,true
787,Kimmi,Crasford,Brazil,FO02 0928 5960 8897 47,true
290,Aretha,Tosney,United States,TR63 5588 9CYH 6HP4 AKBV WMG0 CK,false
240,Darrelle,Breakey,Philippines,IL52 3728 4899 7569 1543 505,false
882,Linc,Mitroshinov,Czech Republic,BE96 2459 0938 7545,true
726,Devlen,Farnon,China,GR93 1638 152U GIAU W9BD K2ZX RXM,true
982,Leigh,Collimore,Iran,MK77 330S HMPP AWVN D73,true
598,Orland,Vallack,Pakistan,RO97 YXLT FEWU SDXN IKXE CCHY,false
883,Enrico,Eates,Philippines,FI68 9083 5526 6946 18,true
993,Jillie,Bravington,China,FI43 7827 6915 2289 68,false
538,Nikolai,Boncore,Democratic Republic of the Congo,MC93 4435 5431 28BW PUPF RHK9 Q21,false
936,Elbertina,Gerry,Sierra Leone,LV37 ZYAA 0K7Y NCPZ N50N N,true
246,Nikolas,Caw,Portugal,SI55 5372 8698 8307 988,false
59,Ferdy,De Ruggero,China,AE95 8435 6378 1772 2640 998,false
237,Daniel,Tew,Mexico,FR51 1661 1112 65FH 66VJ XZX2 J07,false
87,Leonardo,Anthonies,Haiti,PT18 2762 9920 2274 6573 6238 8,false
684,Rex,Deniske,Russia,FR26 0321 0553 92FF Z6UJ JV3R X09,true
555,Quintina,Selkirk,Indonesia,FR73 0418 7972 461M BOZX 3XQD O80,true
552,Elonore,Carragher,China,GB05 RCKV 4772 7730 2281 55,true
733,Roselle,Martin,United States,FR57 7105 4621 959A E6FY U6WM V87,false
817,Mile,Rimell,Indonesia,GL89 6142 9112 8384 94,true
877,Leigh,Strutley,Morocco,MT38 EPNJ 8892 8HZQ K5NK L7HH O47H K9W,false
371,Valry,Sasser,Spain,IT66 K584 7140 8180 2LLV S4XQ QUE,true
527,Clementine,Wynter,Poland,ME56 6027 0852 0589 7993 59,false
733,Roselle,Martin,United States,AZ80 UPQV QULC LCLY VIHT AF8I MPUQ,true
173,Antonius,Warcop,Indonesia,FR68 6130 3511 937M STBY S3FY Z45,false
284,Riley,Vignaux,China,SI97 8331 1703 4622 405,false
740,Keven,Harmond,Tunisia,RS57 0344 1819 7954 5261 37,true
679,Sholom,Charrisson,China,CZ73 3193 7789 5151 1744 6607,false
121,Grantley,McCloughlin,Sweden,IS46 2367 5708 0489 0955 9388 21,false
421,Philis,Palke,Greece,PT94 2199 3137 6217 0310 2827 5,true
268,Audrey,Preshaw,Sweden,GT15 WWAM EJ5D ZZKL NCPG 33GM 97BD,true
357,Dex,Shimman,Nicaragua,MC45 2869 0922 41YE HAR2 HDG1 845,true
35,Antonetta,Fominov,Canada,KZ13 816Q ZCCV YD7M 8BXO,true
824,Gwendolen,Stanlick,China,FR89 5081 4404 88HK JW3F 70PV I98,true
356,Roxy,Paler,Sweden,RO58 IGHV C8XU OQ9D ZKRV LRBB,true
617,Emory,Boolsen,Portugal,TR29 6830 7MUD YWXZ 1AKU B6F5 EU,false
203,Zsazsa,Gilleson,Yemen,LI94 0379 5HE8 WVDK DFHZ A,false
771,Farrand,Phillippo,China,SM93 J920 3377 794Q 49AV BDXM 0YI,true
744,Etienne,Wenban,Iran,DK64 7805 9637 4816 31,false
194,Homerus,Bilbrey,Micronesia,MK28 606E UR2L OCVN Q13,false
347,Gwyn,Blumsom,Panama,FR05 8835 0870 16R8 7OL8 VT2N 232,true
502,Marcile,Duke,Russia,KW12 UTRL 9BF3 OJTW TD7M 99OA TR6E LY,true
761,Colleen,Bowdon,China,FO94 3405 9420 1017 74,true
805,Kerstin,Freke,China,GT48 NTG1 PC47 ZYIZ HUV9 LLO9 EBBU,true
709,Michelina,Faulconer,Poland,FR14 0487 2450 55XZ NKFI BZOK N00,true
161,Aundrea,Marion,Brazil,FR12 7592 0766 58WN O8NC W4L9 D43,true
217,Lothario,Learmonth,China,FR12 7190 3018 0470 RCKR M4MU 874,false
810,Pyotr,Shearsby,Sweden,AZ97 YNGR ZARK BDXT MXFS P5LR RRUB,true
557,Howard,Kingsman,Philippines,MU05 ZWML 7901 7740 3156 9229 320E SE,true
208,Caspar,Collins,Norway,FR37 9959 4362 05MI VW0F 0OVP V83,false
368,Joaquin,Taylot,Jamaica,PT49 3021 6663 7127 5695 1583 1,false
45,Cassandry,Arthars,Indonesia,PL15 9860 2091 3049 4083 8339 1566,true
457,Benoite,Barrie,Liechtenstein,LV32 SNEY AOQK HVMZ FCFQ E,true
86,Virginia,Durber,Russia,BG09 YJNZ 5334 94CS UIUJ VY,false
25,Lock,Cozzi,Russia,TR04 2591 5APD 2CP8 XEPU KWC8 GX,true
903,Genevieve,Gingedale,Spain,LT53 0971 9698 7017 5939,true
319,Ethel,Jacques,Tajikistan,GT46 LX5C Y5UC D9ZI OB2Z WEZT F3PU,false
624,Analise,Lode,France,SK96 2451 9347 5371 7761 6175,false
257,Margarethe,Rheam,Jamaica,AE18 1427 3018 0588 0106 804,false
630,Delphine,Ixer,Mexico,SK02 4249 6561 7570 5459 2935,false
101,Antonius,Betjeman,Nigeria,GT71 K3SS QCOV 5QDE EJIE EKC1 YABN,true
167,Nikolai,Pilsworth,Colombia,IT26 K727 0040 953W NEU4 WMWA IXA,true
943,Mal,Broske,Honduras,BA39 4335 8197 5615 7040,true
975,Annelise,Coase,Malaysia,FR19 6731 5746 60KA YFOJ HBHH U15,false
651,Dode,Dunsmuir,Nigeria,MT10 MEHC 9024 4VXL GFWE B5T3 VDSL 8GX,true
289,Emmaline,Dunkinson,Indonesia,FR08 4500 4756 80NM 2ZLP AT1O B12,false
274,Eberhard,Wallsworth,Peru,ES77 0372 1226 0336 8626 5361,true
13,Benetta,Aldwinckle,Venezuela,FR33 1889 9248 25OE 6PYV 5KK4 Y00,false
694,Regen,Attewell,China,SM88 Q178 0253 7591 83XP 2JKZ 5VN,true
229,Selby,Tasseler,Portugal,FR71 0010 9270 94TP IZAW ZLYQ G18,false
442,Kris,Morais,China,ES52 7184 7997 1716 8848 0065,false
290,Aretha,Tosney,United States,AZ77 SOGT LQRE LQQK OCCI O6SZ KKQQ,true
26,Licha,Chessil,Sweden,PL16 6725 8385 5858 8584 8999 4518,true
507,Konstantine,Instone,Peru,MC79 3658 6291 32AZ 5FPH MIEU Z42,true
737,Deirdre,O'Doherty,China,AT93 3667 1021 9045 9609,false
46,Ashil,Fawckner,Philippines,IL69 4440 1738 6900 9225 773,false
115,Mercy,Ravenshaw,China,IT23 R863 5759 911B I1RF PLSZ WX7,true
973,Husain,Girodier,Vietnam,FR76 8813 7174 19C4 NHSL SKOH C29,true
534,Giustino,Gylle,France,GT36 BS1V TCBA ECZY PBPS JBST M4MO,false
700,Tully,Dosdale,China,MK30 241Y V58O IILF C55,false
406,Swen,Endersby,Cuba,GE68 HT97 8267 4570 0155 92,true
83,Kattie,Bryceson,Philippines,GE35 GH12 3996 9447 1619 80,true
833,Brose,Branchflower,Peru,MU19 ZDBF 4445 8638 2861 3845 168W GX,true
204,Reube,Skeermer,Canada,FR16 3269 2467 68GQ EH9T OOFT D52,false
506,Maia,Oswick,Russia,VG57 SUQW 1933 1630 9351 2200,true
214,Renelle,Burlingame,Indonesia,FR23 9032 0627 55BA MRWH LVBB U71,true
695,Selma,Lafflina,Sweden,MT78 RVRT 5902 7CEI PW3Q 5RG0 USFF OFP,true
388,Clevie,Goodbur,Japan,NO75 6140 4678 773,true
819,Jarrett,Bernardet,Sweden,AE69 5849 5109 8089 2782 184,false
127,Tedda,Stowgill,Russia,AT42 3725 8602 4623 1202,true
392,Talia,McIlmorow,Japan,FR74 6299 1929 663R WRNA XHYF H16,false
435,Avram,Coalbran,Russia,TR59 5987 86FT MA3Q NIKY F4I3 NM,false
21,Adriena,Lamport,Argentina,SM30 C212 5293 490D 6EWA VMBI LEC,false
355,Ahmed,Twell,France,DK45 6319 0409 0422 99,true
459,Raquela,Glastonbury,Brazil,DE86 1132 9073 1227 5507 08,false
55,Horace,Wookey,Indonesia,AZ46 ZNJV PXBD 57UQ OWJE MNIJ ZIDW,true
411,Paten,Dunckley,Indonesia,GL52 3716 2806 0271 52,true
3,Addie,Abden,Indonesia,NO40 5562 3642 460,true
301,Ahmad,Kidd,Indonesia,HU36 0445 4025 3773 0300 1790 2560,false
866,Noland,Maddrell,China,FR58 7906 9189 08XK HZLH 2WOU Q08,false
160,Mariann,Wetheril,Pakistan,CR58 7495 9952 8559 6835 2,false
261,Fallon,MacMurray,Brazil,BH68 IBCE NWOM NBYE OTXN Z0,true
432,Vikky,Daffey,China,LT26 6952 4310 8405 6472,true
650,Theodore,Hunnicot,Philippines,SI80 2466 3160 1088 880,false
728,Danny,Chiechio,Indonesia,IS77 8431 4019 4377 1220 3685 02,false
731,Bobina,Nye,China,FR96 7430 0887 89KX VPWG 9RK0 Q84,true
691,Hillier,Gasperi,China,FR81 0697 7173 04BT 1QI4 TADN Z61,true
662,Peadar,Maddox,China,AL76 2248 4399 ABWQ RU1A XTUA BFJR,false
714,Sarina,Francis,Moldova,FR51 5278 5962 14AI AGH2 I3SB 960,true
892,Ashil,Gergolet,Sweden,FR81 9060 1637 279S PCVA AQNK V27,true
590,Bordie,Coan,Panama,FR73 5476 0704 36XL HAEW PGIB Z61,true
116,Filip,Linklet,Kazakhstan,MK91 3657 1KVW QH8P G43,false
4,Nichole,Antill,Thailand,SA05 33AF KOXW LEHA C6ZS X5IU,true
295,Elroy,Soden,Albania,AD62 3476 0281 7YDP XZTF MYM8,false
539,Virge,Deverock,China,MR81 2152 3586 7392 4998 0989 849,false
999,Dwayne,Janz,Poland,DE90 2431 9721 6832 3489 48,false
480,Fee,Gallemore,Indonesia,MK38 9010 C0O1 DDWD Y84,true
329,Michele,Winslett,China,ME22 1058 4581 1028 5298 36,false
480,Fee,Gallemore,Indonesia,GR89 4458 479C FYUX S77H 35YE ZGM,true
976,Blondie,Close,Cameroon,CR26 2428 2755 4618 0838 2,true
611,Tamera,von Nassau,Jamaica,PL19 8851 8243 1269 1966 6332 2143,true
626,Bertie,Shutle,Philippines,MC90 3112 6207 41ON 8ASG WUGN Y62,false
788,Isa,Hentze,Czech Republic,BA39 3743 0047 7846 5956,false
745,Kelvin,Petrusch,China,MR05 2843 8577 7673 3848 3602 848,false
128,Shayne,Von Welden,Japan,MT11 MSLI 3147 8MR6 4KS0 NA1J ZVAC LIZ,false
106,Ludovika,Barrow,Ukraine,ME84 8440 9907 1460 5849 64,false
238,Gratiana,M'cowis,China,MD89 WVKR DZXQ XLMZ MX5C 9P03,true
181,Ryley,Harbard,China,AD88 0667 7040 0K7E CJQB EJ1K,false
147,Yolane,Breens,Norway,CH76 3597 0UR4 KMV0 SL2F C,false
870,Crysta,Muddicliffe,Portugal,CY31 0529 1433 8HO5 8NQK Q3PS QDP4,true
633,Temple,O'Fihily,Vietnam,GE14 FW74 5742 6673 6342 24,false
127,Tedda,Stowgill,Russia,IE78 EURW 5377 0436 2020 00,false
245,Reamonn,Leyden,China,MT37 CTFJ 3901 4HDZ WAII KIRL HMCK A8K,true
314,Haskel,Andreia,China,PK44 GHMX ZGI7 ZKZR DGAA OVYM,true
131,Kessia,Fleote,Germany,FO91 6346 0984 2874 38,true
709,Michelina,Faulconer,Poland,GE34 TZ20 9099 9717 6927 08,false
632,Forest,Franklen,Canada,BE57 5699 5241 7295,true
122,Tedie,Winmill,Czech Republic,KZ54 2043 MHLC 94GA RAYL,false
544,Gaultiero,Ionnisian,China,BR21 9816 7732 7937 1175 7122 704I E,true
176,Wyatt,Ubsdell,Mali,FR63 0984 1169 47VH C8FL AMT4 N55,false
280,Mace,Hughlock,France,IT69 F302 4941 5480 J7MC F1AI LJS,false
595,Bobbi,Gherardelli,South Korea,BR40 0890 5990 4282 1792 7679 624B B,false
853,Arlyne,Dilloway,China,FR75 1708 1512 44RE OEJ4 CONE L38,false
588,Batholomew,Jagson,Russia,FR12 2328 6521 422Y ZL8J DBKU H76,false
955,Riva,Dooley,Indonesia,FO56 6699 5677 3705 55,true
20,Nickolas,Culy,Indonesia,CZ45 4510 5758 7682 5209 0525,false
248,Mei,Vequaud,Poland,PL63 0782 3483 9202 8590 2750 1624,false
260,Fania,Cattonnet,Peru,CZ80 5330 1587 7087 5977 7604,false
700,Tully,Dosdale,China,MC76 8325 7946 16VE C6B3 DKEW C62,true
215,Dagny,Martusewicz,Indonesia,BE51 6171 6845 6533,true
84,Marco,Hawlgarth,Russia,VG04 HATQ 0771 8841 8649 6502,true
509,Vivie,Edens,Russia,FR18 4531 4485 919Z GVKT B44C G07,true
322,Basia,Attride,Greece,DO63 5TCS 7493 3601 5173 0639 5306,true
759,Britteny,Killgus,Poland,GT50 WMWD NQZD GJW9 EDDU L9HE BBZM,true
593,Rodie,Abelson,Philippines,BA02 1004 6531 6730 7003,false
992,Pansie,Keohane,Philippines,SM57 V802 0503 905I YRD8 SRX6 PXS,true
262,Maren,Osgood,Dominican Republic,CZ80 5454 3274 0272 6248 2064,false
293,Sallyann,Gynn,Georgia,MC20 7042 7857 28AY E3SW B56O I59,true
473,Wenona,Adamowicz,Australia,HR58 6641 9198 9811 7769 8,false
656,Sibyl,Spawforth,France,PL32 7762 3231 5091 1788 8137 1828,false
903,Genevieve,Gingedale,Spain,FR87 2081 9791 109Z 4ZGY EFM3 W28,false
109,Dicky,Clavey,Peru,GE27 RU65 5562 7025 4552 32,true
484,Kittie,Valdes,China,SM56 X713 2579 732E SOCB 7GNN SJM,false
373,Mercy,Langmead,Indonesia,BG25 GLHQ 3401 81OB OK1B T2,false
444,Randall,Fernehough,Poland,IL04 4616 2690 7033 3012 548,true
291,Denis,Persian,Thailand,CR33 9452 8744 7542 5817 1,false
853,Arlyne,Dilloway,China,BH44 HFJS FVSC Q4KD 7WDN VU,false
749,Bord,Heamus,Poland,SE77 1898 0148 2276 8397 0506,true
896,Staci,Austing,Indonesia,SA11 13LZ CQOR LYIP UH76 GPDM,true
657,Theodore,Boulds,Colombia,FR38 3537 1107 55E6 FRR6 QWTV 875,false
816,Alasteir,Schuh,Poland,PK25 KFGF PEVZ G31U 1CMN F7QI,true
217,Lothario,Learmonth,China,AL89 2306 5656 5GYN ZFBV MOOA VR78,true
349,Terrill,Havvock,China,SK91 8163 5530 7321 7109 5363,true
723,Papagena,Kave,Argentina,MU25 LIXL 0330 0777 7549 4089 111I DH,false
358,Sheree,Mc Faul,Latvia,TN28 9077 7654 5950 7381 4385,true
391,Storm,Dosdill,Zimbabwe,LT03 5346 7881 3073 1899,true
929,Alfy,Buttrick,Peru,MT96 KMRW 3161 0JIQ K6NO NICJ QNMZ QGT,true
680,Nat,Tarquini,China,PT33 7056 0337 9953 3700 0040 5,true
144,Maribeth,Birkwood,Japan,FR90 4370 7179 068Y 83FB 1QKV P47,true
582,Joice,Arderne,Vietnam,CR52 9838 3291 5171 2257 6,true
464,Zeke,Braine,Guatemala,FR31 1835 6693 80VM HBXE DHVL Z64,true
619,Judd,Chopin,China,NO90 5857 2437 098,true
640,Bibbie,Ibert,Canada,LV16 OTOT BMX5 SELY HMJH G,true
572,Wallache,Zute,Ukraine,BR72 1925 6333 5789 6863 4862 909P R,true
44,Elmira,Germaine,Kenya,FR32 8296 5898 42KA WRM6 0RHF H83,true
579,Eugenius,Paradin,Mexico,CZ68 7520 2968 3989 7342 1097,false
215,Dagny,Martusewicz,Indonesia,DO91 VES9 6549 4863 8079 7621 6093,false
331,Vernor,Baroc,Iran,IT61 Q313 0555 115I B7R6 TSV1 WCU,false
243,Astrix,Livingstone,Ireland,FR31 9356 7544 4089 J4RW GSRP U32,true
760,Leland,Moss,Canada,FR46 7140 7681 06E6 IGHS OBJB 906,true
487,Merry,Tomaszewicz,Afghanistan,PK15 BAUO UPAG 5QXK CFUF JWUF,false
953,Tim,Scobie,China,MC48 9048 6213 435K VYS6 MKWQ 942,true
521,Lynda,Manley,Nauru,DK98 9288 5653 1415 00,true
417,Fannie,Normanville,China,GR45 0755 9853 HTQM OGCD 1IFO D7Z,true
379,Art,Blose,Poland,FR46 8563 8698 54V8 HPCS BURA J41,false
912,Edik,Ruane,Peru,PS52 HTCN RTDY JTTR BFWR I80H TPRF 5,false
630,Delphine,Ixer,Mexico,FR08 8166 3613 60HT KKR7 ECF4 Q53,false
541,Obidiah,Scouller,Russia,CH68 4765 9ZLF GRAI HZVF M,false
911,Abbot,Packman,China,VG80 PUWI 3158 0713 9692 0125,true
553,Edmon,Kempster,Indonesia,GL73 3064 1657 4351 62,true
918,Juieta,Merfin,Sweden,IT73 S534 5174 473H 9UZJ 7BTW FPL,true
57,Robinson,Greed,Croatia,AZ03 VUZA Y2RN OWCN SCCJ LHOK OMIR,false
173,Antonius,Warcop,Indonesia,GI89 JSFM 41R2 9XLH WGO9 BUH,false
196,Alonso,Pipkin,Iran,SE83 1530 6954 6608 0203 1057,false
829,Myranda,Burmingham,Russia,AE11 7622 5236 9720 5694 589,false
557,Howard,Kingsman,Philippines,SM22 P493 6910 003U FIQ8 KJO7 2MY,true
568,Donny,Frugier,China,NO52 5467 7907 182,true
988,Bucky,Micklewright,Sudan,IS09 7802 2620 7508 7141 8576 14,false
173,Antonius,Warcop,Indonesia,CY62 1004 8405 ZZL1 PZ7R UC3X YVQY,true
724,Valeda,Unitt,China,AT28 0543 5448 7512 8235,false
724,Valeda,Unitt,China,ES93 2001 7397 7765 8472 2313,false
483,Orville,Twitching,China,FR22 5258 7710 46HG NCAI AGAA B49,true
343,Hiram,Tillot,China,AE57 2885 4097 3534 0263 415,true
164,Ellary,Troak,Dominica,FR27 1766 5793 93JR 7FYZ 5KTR U25,true
516,Ferne,Grantham,Russia,SI25 5184 2072 1672 389,false
278,Rockie,Titcomb,Thailand,IL69 0810 0369 0408 6421 416,false
489,Jessie,Haizelden,China,NO67 5823 8080 064,true
425,Dianemarie,Servis,Canada,MK39 9273 GLYC CR60 C09,false
174,Dian,Pycock,China,BR87 0292 1252 9936 9818 6663 297O R,false
396,Laura,Petry,Portugal,PL87 5744 0187 8311 8792 7953 3256,true
172,Alisander,Twidle,China,BA73 5301 9541 1161 7011,false
271,Benjie,Gildea,Sweden,RS20 0978 7470 5532 7393 42,false
106,Ludovika,Barrow,Ukraine,IL10 5159 6604 5311 8144 568,false
414,Amelie,Bridgland,China,TN64 2060 6098 6734 0058 3051,true
484,Kittie,Valdes,China,LT04 2309 8189 7048 8521,false
104,Gerda,Ferrandez,Colombia,LV15 DXKM 4HEM EPS0 X21I J,false
85,Cacilia,Rebeiro,Egypt,MC02 8968 0376 03UG AHUD IT5C 319,true
707,Rodi,Larner,China,AD02 7028 0160 XARM IRU5 E98T,true
980,Sergei,Brereton,China,FR89 7520 4205 74MW ZKFN J5TV K91,false
619,Judd,Chopin,China,HR97 9764 5645 9467 5367 9,false
718,Myrtie,de Zamora,United Kingdom,PK21 INAW FA6P HKF9 4XMM GHEY,true
669,Cherilynn,Pynner,Portugal,RO42 JJRW VDNA YSGX Q9EW 9DSX,false
350,Bondon,Cheetham,Indonesia,FI73 3049 1539 1252 24,false
270,Stephanus,Sheeran,Ukraine,FR85 3977 6875 42ME K8EF VTKB 233,true
448,Aurilia,McGilvary,Japan,FR91 2504 5442 78SF JVZZ UCX1 V45,true
754,Cameron,Maddyson,Canada,BG09 NASW 4941 66G4 K36M 0X,true
569,Elsey,Mardle,Palestinian Territory,HR15 1504 6941 1955 1208 2,true
47,Robinia,Greeves,Thailand,ES83 5585 2474 7167 1516 5945,true
412,Jeanette,Blackford,China,GT57 JXZQ KNG3 H9WK FFVU ENGA DLGC,false
54,Bibbye,Thoday,Russia,LU67 778C RYTU VFIG DWOR,true
11,Tatum,Taylot,Colombia,FO15 4925 5381 7400 42,true
624,Analise,Lode,France,FR70 4098 1626 64JE IFG0 LYGB D09,true
341,Celestia,Yole,South Korea,GL13 4972 6496 2874 66,false
819,Jarrett,Bernardet,Sweden,FR80 4109 2356 59ZI SX6P OO1E L39,true
240,Darrelle,Breakey,Philippines,TR96 7606 4KKB NTQV 1A11 HBPC W3,true
775,Van,Lander,Portugal,SA68 03SG PBJF JLGJ U4DR 4XSU,false
693,Zared,Weeden,Indonesia,GT38 YCPV BF9I 3BJH 6XAG 9HMB HICP,true
882,Linc,Mitroshinov,Czech Republic,BE30 7010 9136 4954,true
707,Rodi,Larner,China,PK31 JTXH MGWW YFC5 TSCM OODJ,true
335,Norry,Goodee,Indonesia,GT31 OXKH 1SKC MOPT LQR4 R9VD HQP4,true
659,Kaspar,Kirkup,France,CZ47 9186 1372 3088 1274 8576,true
212,Mil,Crosby,Tajikistan,FR93 7855 3785 14PM BCGX FLCG 643,false
197,Barnett,De Pietri,Philippines,IS93 6398 0949 7537 1192 6913 46,true
595,Bobbi,Gherardelli,South Korea,LI04 2634 3BDB 83HV H5AC J,false
159,Shel,MacCathay,China,PT56 9756 9304 4546 0780 5083 2,false
844,Myca,Osgar,China,AL97 6954 0379 PCXY C9AT VYVV JJKX,false
652,Min,Sexty,Colombia,FR75 0170 9828 2410 6UT9 CA4A Y54,true
845,Morgan,Schust,Greece,SE91 3810 0871 7927 9647 3102,false
418,Aindrea,Andersen,Poland,FR84 6732 9045 47SW 9AXF WOUY F95,false
278,Rockie,Titcomb,Thailand,FI39 0522 2033 3629 06,false
349,Terrill,Havvock,China,MR62 8774 2956 6000 3960 7277 609,true
543,Stearn,Hise,China,FR61 5443 5948 84ID 0SUR NXV6 465,false
126,Vasily,Coen,Belarus,DK18 2016 7699 8099 10,true
570,Rory,Manuelli,Nigeria,FR26 6289 5972 939F ULER QDZF I90,true
95,Wiley,Springer,Russia,GT46 ZZEJ VFJS GHDU 8S7V IKB3 FBGM,false
62,Dina,Amorts,Myanmar,FR72 0376 2873 20YL PIDG YMWA W86,false
392,Talia,McIlmorow,Japan,LT78 4287 9700 6731 3897,false
28,Jade,Trinder,Sweden,EE72 8253 6461 5777 7299,true
468,Rae,Kumaar,Mexico,NO37 3438 2447 975,false
131,Kessia,Fleote,Germany,SI22 2694 8797 5095 018,false
806,Kingston,Lotte,China,SM71 Y485 2328 1823 78V9 XTTX Y53,true
566,Tadeas,Vedenyakin,Honduras,MT83 JWJS 3155 5SOB MUIJ 6TOV LGWL N97,false
242,Breanne,Yellowley,Indonesia,AL18 1457 9077 LGFG A340 UIYB NGQR,true
393,Katalin,Late,China,AZ73 XIVT MPPR 6KJ1 BFQU NHNN IYQL,false
604,Sascha,Kunneke,Brazil,FR32 2227 0880 36JY HU0B NXLF O25,false
41,Elysee,Westmancoat,United States,MT05 AMEG 3905 5UTL QTRM WZRH PR7A F3G,true
271,Benjie,Gildea,Sweden,PS70 VUTD BLDH 6KUQ 4CWC GT0V 1VTB N,false
353,Alphonso,Garaghan,Afghanistan,IE07 QLRS 7165 4845 0058 78,false
836,Heinrik,Wixon,Benin,TN57 5037 3403 1590 5241 5792,true
989,Wheeler,Steketee,China,ME92 0636 6742 4365 0786 98,true
901,Nickolai,Bruna,Portugal,GT30 OGRI LFDN M7EE KJTS 9YTR IN8L,true
329,Michele,Winslett,China,SA38 29XL BEA5 FYAR DBYY H4IH,false
880,Earlie,Kinningley,Poland,AL30 3247 8143 XZYM IA1E KS7M FTUJ,false
828,Harbert,Slimming,Indonesia,MC41 3886 2671 36RR VWEA MQHM B51,true
753,Cassaundra,Benneton,China,MU94 IRQU 0487 5192 2993 6789 042Q RJ,true
42,Edouard,Wadwell,Peru,HU02 5810 5890 8849 6754 9373 4711,false
867,Flora,Bramstom,China,BE66 0663 5872 2746,true
321,Maryjo,Deniskevich,Indonesia,MU12 MISI 3341 4367 0244 2148 400B WB,true
101,Antonius,Betjeman,Nigeria,FR21 7034 6668 51FQ 4DHU XRON Q65,true
737,Deirdre,O'Doherty,China,FI43 6791 1600 2919 96,false
481,Reynold,Croser,China,FR21 8489 1134 22IR XTEM ZG3K H18,false
502,Marcile,Duke,Russia,ME54 7508 1411 6272 0471 16,false
779,Eilis,McColm,Nigeria,BH87 XPDF DPRM U1I2 CWFU QS,false
609,Freeman,Bracchi,China,PL24 5508 2063 8980 4124 3853 7892,false
77,Therine,Espie,China,FI57 1804 9173 9372 07,false
493,Ingar,Baelde,Nigeria,IT96 M184 0528 046V REUR BVRQ BPU,true
833,Brose,Branchflower,Peru,MD16 3M6F U4BD M2JS FGTL JWSB,false
995,Kippie,Edy,Canada,AL66 3804 5224 LDY9 XPHO A5DY K3LS,false
594,Angelita,Asser,Indonesia,FR49 2638 4483 18YB JEA9 KC2O J04,true
140,Lorenza,Zeal,Indonesia,AD28 6614 8235 0YDR JCKA HXDU,false
637,Randie,Domonkos,Czech Republic,SM75 U858 5790 214P 2ODK W3BY Z25,true
253,Alejandro,Douch,Philippines,FR60 0877 6806 80BM JTIT 1JFD 639,false
518,Agretha,Giacomello,Chile,CZ71 4277 1942 3180 5468 4452,true
116,Filip,Linklet,Kazakhstan,SE32 2907 9733 1125 9318 5200,true
149,Harper,Tyhurst,Moldova,AD66 0491 1077 IDVE MJ8G FXAX,false
102,Elwood,Ebbins,Belarus,LT61 3055 9053 8931 9946,true
649,Myrtie,Garfoot,Moldova,PK13 QAGB OWUU AUDG IQBC ACP4,true
63,Inna,Sorbey,Jordan,LB55 7250 7NL6 0EAV LHKE C1B5 KUVM,false
768,Hatty,Cavanaugh,Honduras,IL60 8376 9288 1725 3986 915,false
266,Conway,Kighly,Indonesia,AL26 2457 5898 FLS5 LZFS CSKN JIJ9,true
465,Savina,Jewster,South Africa,HU46 8255 5254 2828 3693 2291 6369,true
545,Cahra,McGourty,Brazil,SK28 9037 3610 2579 5435 8261,true
600,Lorene,Keeton,Russia,DO42 CMZA 1643 9219 5712 4476 1318,false
663,Inga,Measen,Indonesia,GT45 BUJ0 CCTL VQO1 QBY7 3XRG EXW2,true
644,Estella,Danilovic,Czech Republic,LV51 FOLO EZF3 6IWE GTOT S,true
581,Julienne,Esmead,Brazil,AT19 5129 0382 3870 1934,true
117,Patten,Breeds,China,PL62 2405 1784 8945 8682 8102 2864,true
34,Julie,Mawdsley,China,IL68 0351 8890 2685 2654 116,false
934,Lil,de Vaen,France,PS73 BJAY MFJJ LXDF OWS6 2OQP RG9X P,true
953,Tim,Scobie,China,PK54 QHZX ZWHC 9YCZ G3MX YWL2,false
967,Estella,Morais,China,SE73 1198 3988 1287 7954 9600,true
527,Clementine,Wynter,Poland,IS95 7037 7129 8782 3874 6552 79,true
40,Star,Vahl,China,TR95 5005 7HIR PKXX RZZS OLJB HV,false
909,Rosaline,O'Lahy,Thailand,MU23 DABV 4317 7278 5566 5577 596K EG,false
737,Deirdre,O'Doherty,China,ES16 3714 4576 9392 7776 7401,false
700,Tully,Dosdale,China,FR58 9357 7295 78JS VQJK M3AX N37,false
989,Wheeler,Steketee,China,FR64 1469 1679 133J VLNA BWYM O34,true
175,Jarrett,Khomishin,Iceland,PT10 2409 9952 9890 1592 2405 8,true
526,Belvia,Cereceres,Switzerland,AT94 2052 2652 4027 1646,false
625,Robin,Lydon,China,KZ95 439K QKBE POXH P9HQ,true
370,Marietta,Gidley,Indonesia,MK28 323U LLXN ZTFS X99,true
181,Ryley,Harbard,China,CH43 3574 1XVR OB7N IM3E D,true
24,Fran,Causton,Indonesia,FI21 1846 5093 6181 87,true
862,Duane,Astupenas,China,GB96 HQNX 3126 9301 7278 97,false
102,Elwood,Ebbins,Belarus,RO26 IFQX KETZ LJRL EEAZ RQYQ,false
656,Sibyl,Spawforth,France,FR17 1163 4606 608R EMIE X4CQ J70,true
552,Elonore,Carragher,China,BG39 AHOH 1460 20EA Q397 PV,false
719,Lorraine,Dyter,Thailand,SA06 85LD FWXQ HDEA IZG0 AKET,false
22,Korney,Keymer,Ukraine,AT12 2659 8061 7228 1892,false
209,Dillon,Warmington,Indonesia,AD54 8087 7233 AMYR QBYM KTMN,true
892,Ashil,Gergolet,Sweden,DO05 GK09 5825 9208 1686 6506 9288,false
290,Aretha,Tosney,United States,BH42 DRSO DJQQ XSVJ XPDN 5G,false
244,Virginia,Thunderman,Trinidad and Tobago,ME08 0036 2425 1389 6675 41,true
276,Iosep,Lamprey,Indonesia,SM19 L990 2918 720Y 28QW RLLS MNR,true
325,Madelin,Dreakin,Mongolia,RS91 6476 3124 4096 0376 32,false
206,Di,Doole,China,MK69 922X 6VQJ UZE9 712,false
54,Bibbye,Thoday,Russia,SE46 6828 6054 3618 2788 2453,true
649,Myrtie,Garfoot,Moldova,IE40 INNQ 2109 2480 2759 33,false
278,Rockie,Titcomb,Thailand,MT07 UUMH 0107 72T0 QZVN Y8KR UARQ FUQ,true
645,Idaline,Juste,Poland,MD31 RES1 K1VU DJKS YU50 ROTR,false
917,Gloriana,Doche,Indonesia,KZ96 796G XEMY HMBK 3PMS,false
37,Glendon,Crufts,Mexico,CR74 1343 5589 2768 3806 5,true
217,Lothario,Learmonth,China,PS68 PSWN ALFM T9JR Y6KP TGTS 6A08 F,true
312,Derk,Ommanney,Cuba,SM92 C010 9615 013W GHQR NKVT QY7,true
713,Meredith,Grogono,Thailand,AE48 3637 6799 5681 3360 949,false
721,Winni,Lightewood,Mexico,FI89 3191 7036 2569 70,true
358,Sheree,Mc Faul,Latvia,LV86 EBTF XVFX TEFB BSOT K,false
595,Bobbi,Gherardelli,South Korea,AE93 7439 1724 7629 5222 395,true
622,Tiffi,Hessel,Philippines,FR97 4506 4448 15WV MKBA ZZJY H81,true
590,Bordie,Coan,Panama,AL09 6569 9299 F1JB 7LXU 14ZB CC7Q,false
116,Filip,Linklet,Kazakhstan,MT57 JNJK 9661 6A4W 1595 TDKE SCB5 PRJ,true
70,Dina,Haxley,China,FR32 3111 3378 56WG VRCD 87UP Y69,false
972,Rhett,Beauman,China,FR92 7564 8871 37SJ S3B3 IBUS W13,true
188,Benedikt,Notton,Indonesia,SE29 5193 3809 8527 2988 5324,true
478,Mohandas,Tuttiett,Philippines,HR49 7730 8176 4183 4067 8,false
269,Elise,Verbruggen,China,GE51 EF72 2786 9233 8746 55,false
367,Kizzie,Strathman,Russia,FR06 3159 3021 46MZ V4XO L8BP 479,true
380,Joana,Verbrugge,China,KZ06 9842 YDII UEVZ XWWI,true
791,Marco,Sheilds,China,FR10 7090 0135 64VD VYX3 B46K P87,true
765,Hurley,Hardwich,United States,FR20 2533 6126 25KJ WLIU NPAK I39,false
406,Swen,Endersby,Cuba,BH45 ECSU 4ZGC EQ1X DLY4 HJ,false
338,Courtney,Stickley,Russia,BH73 KDUT KKTX 1RZG MLVW U1,false
962,Yardley,Ruggiero,China,VG22 MXQD 8925 2238 2839 7564,false
252,Cly,McCrackan,China,VG33 VQLJ 7945 6332 0788 9835,true
546,Shellysheldon,Toovey,Indonesia,NL66 HGFR 3515 7255 07,false
984,Guillema,Philpot,China,FR60 3985 6197 29LV PNND HQBH U52,false
779,Eilis,McColm,Nigeria,VG75 KETO 8683 4589 8193 4845,true
466,Roobbie,Menghi,Brazil,AE08 4580 3798 2468 6206 933,true
472,Thorvald,Relton,Peru,FR73 2363 0489 38KX EBR4 L8XO 536,true
60,Addie,Tripony,Brazil,GI06 SHNJ QODU ZXJV 66IV WTL,true
372,Syman,Deamer,Canada,KW67 DSQD FN8R B6ML X3SJ SBYC OWTM KY,true
307,Phaedra,Pierton,Indonesia,BA81 0771 7786 1199 0081,true
72,Barny,Hext,China,FR54 0591 3713 57HK LZYS G1BY 646,true
486,Kylen,Hassey,Philippines,IS39 4837 1339 6787 9178 8485 00,false
395,Linn,Bramich,Philippines,FR65 6484 1340 95AG HQ1O CEBN K89,false
559,Jaine,Ludman,Japan,NL26 ZFWB 2758 1427 79,false
995,Kippie,Edy,Canada,GT47 K046 PIFS MVEJ M897 VHOH BHCS,false
68,Svend,Ianne,Thailand,BH53 AAOX G6PY TUOS RE3I CM,false
75,Emile,Soigoux,China,BR22 8421 1875 8637 8833 5554 255U E,true
314,Haskel,Andreia,China,KZ72 296F IV2O 24OM VL0O,false
108,Kinna,Barnewelle,Argentina,RO88 YZBF SSET ECXF FZT8 BB8J,true
987,Mufinella,Galbreath,Tanzania,FR03 8548 1008 43XS UKG7 S5TL Q51,false
240,Darrelle,Breakey,Philippines,FR63 2820 6473 56QV 4CBB BNNX I09,true
950,Carla,Ledley,Indonesia,MU61 HPBR 5275 2652 4779 5152 931G RC,true
307,Phaedra,Pierton,Indonesia,GB97 ZMAG 4533 7565 6292 48,true
275,Garwood,Gallaway,China,AE65 9729 3338 2275 9261 816,false
726,Devlen,Farnon,China,IE71 OIPD 6145 9438 6308 15,true
139,Karee,Swinnard,Russia,GI16 NVHA KJIL YK3D FF2T P4B,true
877,Leigh,Strutley,Morocco,GI62 BFFM FW44 1BJY NIO1 0ZT,true
812,Cassy,Blackaller,Greece,IL27 8878 9484 5307 3304 095,true
746,Verina,McCorry,Indonesia,NO13 9483 0447 172,true
193,Katinka,Ide,Saudi Arabia,AD04 1686 9062 FXFF 5ASQ 6DYZ,true
584,Hatty,Davidofski,Democratic Republic of the Congo,DO47 5UOX 8670 6536 7182 9656 5005,true
591,Berkie,Whaymand,Philippines,HU14 3739 5122 2868 5052 5336 7724,false
436,Sloane,Bartkiewicz,Russia,ME48 4379 9473 2075 5416 66,false
518,Agretha,Giacomello,Chile,PT80 7684 3674 3189 3849 6965 0,true
653,Jeremie,Bote,Russia,HR76 1586 7907 8101 1644 0,true
179,Alisun,Tallant,France,LI33 1412 2W5O YC7N YO0W 1,true
323,Tiffie,Collman,Albania,LV04 TGZJ GLW2 TYO3 IQEX Z,false
522,Kelsey,Worgan,Armenia,BR61 9075 5119 8284 9849 9656 230B G,true
586,Hertha,Biesinger,Sudan,FR56 6298 1974 08LZ AENU ACUT I21,true
961,Dulsea,Kipling,Canada,FR04 0286 1141 70VW 9XTM GDOB A32,true
76,Natalya,Beardon,Indonesia,MD83 H4TR LRYR 76DJ 4UQ0 WY4G,false
838,Liz,Dooley,Germany,SA32 50LU WGKD M2FB TWK6 PRA9,true
367,Kizzie,Strathman,Russia,CZ79 0269 2504 9907 9213 8601,false
25,Lock,Cozzi,Russia,VG32 CYKY 6005 6209 6529 3087,true
636,Siobhan,Blakelock,Portugal,NO46 8142 0137 020,false
296,Hughie,Ivashechkin,China,BE68 4736 3945 5002,true
912,Edik,Ruane,Peru,BE45 1266 3432 0297,true
317,Pembroke,Parkin,Maldives,ME40 3067 3669 6003 6860 90,false
300,Winifred,Slayford,China,GI81 YDEN VWTX 66JE 6TJH BB9,false
380,Joana,Verbrugge,China,CZ54 2313 3850 8546 4467 8427,false
380,Joana,Verbrugge,China,CY24 6357 7634 0B3C SAOC OSRK 39RH,false
515,Ronny,Schachter,China,BH54 VMRF L8HI 3USE B4TC 5S,false
219,Law,Wealleans,Russia,LI25 7969 6FYF WSOQ 4KRN 1,false
728,Danny,Chiechio,Indonesia,LU74 758A QNQ6 AJ7Y 3AXR,true
435,Avram,Coalbran,Russia,FR85 6197 7910 15VI JFK9 7X2F E11,true
37,Glendon,Crufts,Mexico,BG51 AVOH 7128 732S YBJD XV,true
744,Etienne,Wenban,Iran,IE54 MXUN 8178 4543 6248 77,true
610,Gabey,Edmondson,Thailand,FR05 6734 4277 85OE W09I FCSO L17,true
499,Dorelle,Highwood,China,DE52 2917 9220 3493 6695 33,true
4,Nichole,Antill,Thailand,LT68 9792 6149 0295 7549,false
610,Gabey,Edmondson,Thailand,LV58 YQKW GEFT PVEU ZWOQ J,true
604,Sascha,Kunneke,Brazil,GI54 MNLW HYYT YTQP TTQU 6SR,false
180,Erma,Grigorescu,Vietnam,CZ45 7238 7644 1815 4690 4460,true
15,Karena,Ferreiro,Nicaragua,GE75 XO87 0261 5687 3928 28,false
185,Wilden,Tixier,Canada,FO19 6000 3332 3161 09,false
415,Eugenie,Michelotti,Poland,FR44 6856 1232 48IE VOLN FQF0 H94,true
613,Skipton,Deluze,Sweden,LU21 108W QWMI DYE7 FSW1,false
255,Aigneis,Mesias,China,LU52 961N A52Z CU8Y ZZBX,true
344,Ralina,Akehurst,Colombia,GL78 4331 8046 7917 98,false
854,Garfield,Bromell,Indonesia,DE95 6493 9771 1234 5690 00,true
761,Colleen,Bowdon,China,CZ22 5701 2374 0765 6317 6693,true
97,Zena,Kleinmann,Egypt,NO29 1825 2701 463,true
996,Janek,Darragon,Mongolia,PL80 5707 3085 2814 7327 9135 7912,true
876,Coletta,Deer,Thailand,AT90 7280 9996 5338 6170,false
464,Zeke,Braine,Guatemala,SK97 8261 7655 2164 6647 3919,false
57,Robinson,Greed,Croatia,GR57 7956 499O 8DSZ BAZX YLDM ZDI,false
192,Melantha,Weld,China,MT31 FPUN 0483 0MAF U7BD Z831 8FKE 2ZE,false
57,Robinson,Greed,Croatia,NO69 0716 6348 613,true
252,Cly,McCrackan,China,SA40 40JF IQVG XAZ1 QXAY VKGH,true
196,Alonso,Pipkin,Iran,CR76 2715 9366 4047 0235 6,false
477,Suzie,Greenig,Russia,FR64 8826 4515 08RD XDWN EYOO X89,true
874,Catha,Denyukhin,China,BR51 7880 4945 1310 4462 3114 353E 5,false
120,Arni,Langcastle,Western Sahara,SK50 5748 0841 5916 0822 2531,true
248,Mei,Vequaud,Poland,MD09 BR7I TJ4W FPOH 2KON 8QHG,false
166,Floyd,Card,Peru,BH54 ODPH 4EIT EV2K 87KZ CP,false
343,Hiram,Tillot,China,SA37 57J3 PGFI 1APO U4NT WZWK,true
233,Davidde,Dominichetti,Mexico,MD13 VWWD 04R8 B9HP BJSI OJZ4,true
1000,Aliza,Romney,Vietnam,AZ34 KGYG 98ND SYNM LHU9 P9XA 6ODP,false
758,Maryjo,Bull,Portugal,HU46 6671 1759 2365 1155 5709 4515,true
33,Justen,Keslake,Ukraine,DK02 1428 1151 7117 11,false
207,Ree,Waszkiewicz,Philippines,FO92 4910 9542 5841 70,false
70,Dina,Haxley,China,MD82 DMFI LZXH 7GST HSIY PQ5G,true
49,Lainey,Batts,China,SM71 Y119 3994 948Y P2VU BBEN MT6,true
813,Kyle,Fulloway,Croatia,LT26 0948 8886 5420 1002,true
259,Mellicent,Barhams,Cape Verde,DK43 2447 4465 0484 43,true
669,Cherilynn,Pynner,Portugal,BA67 0316 9332 8624 9803,true
868,Berenice,Marshall,China,MC71 3103 1940 62QK OE1F JIOY N83,false
277,Robinett,Twining,Brazil,GE36 LM94 2586 3401 0549 31,false
941,Feliza,O'Fogerty,Philippines,DO45 4JWK 5870 4760 6104 2811 2809,true
86,Virginia,Durber,Russia,GB77 WOKL 5837 6690 8945 28,false
703,Rodrigo,Rosiello,Iran,IT45 U694 4785 771A FBOF 0KFF MOO,false
404,Olin,Cuxson,China,CY59 5574 1865 XYS6 OMLB BJSC BSGG,true
115,Mercy,Ravenshaw,China,FR84 2074 8496 68E3 MAB1 5DKK F86,true
870,Crysta,Muddicliffe,Portugal,IS32 2601 6956 8148 3844 5323 78,false
172,Alisander,Twidle,China,RO15 SGYI H4HM ME65 DJLC 6SKD,true
907,Missy,Neachell,Honduras,AD16 3411 0945 QVKR 1VT0 LH09,true
329,Michele,Winslett,China,NL10 IBUD 0629 0661 15,false
580,Sada,Kornilyev,Portugal,HU16 3215 0049 2885 8366 9057 7350,false
258,Myrlene,Verrills,Thailand,RO36 HFGC JLBT LM3P RKHN 0DE9,true
296,Hughie,Ivashechkin,China,GL83 0957 6657 6951 95,false
781,Aylmar,Milington,China,SA92 11E2 UF2H U8NV L1TY OE5T,false
506,Maia,Oswick,Russia,KW67 ZHBV DBEL VGEW AYBU QBFB MBYD HU,false
808,Grace,Veevers,Botswana,FR98 1941 8417 42XT MZKQ NWJH B81,true
91,Hortense,Kesten,United States,IL29 9259 6238 2211 5059 982,true
425,Dianemarie,Servis,Canada,SI35 7652 8528 0176 612,true
384,Archibaldo,McCuthais,Indonesia,LV47 JGSD NKW9 NIUE 0PEV F,false
292,Koral,Stainson,Czech Republic,SK86 7605 3908 7189 7536 3935,true
663,Inga,Measen,Indonesia,AT38 2064 1793 9962 1825,true
230,Hermann,Ofield,Chile,EE96 8374 5314 0931 9395,true
692,Brita,Danick,Serbia,MD77 UGPC FF4K QPF8 QUOB MSZM,true
783,Baxter,Warrick,China,AD27 7040 5090 OJR6 BN2T O0FG,false
233,Davidde,Dominichetti,Mexico,MK54 461R 8PZH UR75 A66,true
174,Dian,Pycock,China,IS79 6655 5684 5040 1287 3309 48,true
342,Derril,Malone,Sweden,HU20 8569 9431 9609 3205 0665 6921,true
641,Jillene,Fosdyke,China,IE34 FDXK 5163 3683 6089 18,false
280,Mace,Hughlock,France,FR45 4258 1082 43VG LHWF QUAN 958,false
561,Aldwin,Dene,Russia,FR74 0016 1323 76K6 JBIP 7SAG X56,false
943,Mal,Broske,Honduras,IT93 V102 9101 688J 8OJU 6ARW OSG,true
75,Emile,Soigoux,China,LU64 528X TASP M1C2 Y87G,true
814,Neille,Mayou,Sweden,PT11 7526 3638 7927 1285 8861 3,false
568,Donny,Frugier,China,HR31 5730 9609 5626 4082 0,true
483,Orville,Twitching,China,IS71 8634 1130 2197 6243 6645 91,true
568,Donny,Frugier,China,BH56 BWMZ I5TW IXNU 0ZSR NZ,true
645,Idaline,Juste,Poland,LI21 1364 3GTZ BYPV QOUW A,false
226,Lexine,Markwell,Colombia,AT88 6259 6345 1960 5671,false
169,Mata,Skelhorn,Indonesia,KW31 UASC AG7W AX2J VI8P GTMD CQ5E PD,true
469,Tracey,Pappin,China,PT57 4725 4464 4502 5764 4872 4,true
3,Addie,Abden,Indonesia,BG08 TJDJ 9781 11AY WNBW NE,true
897,Meryl,Wonter,China,SE33 4038 1258 2658 4793 7642,false
658,Urbanus,Gofford,Russia,PK50 OFYW GBLN 4DPN GFIL COQV,true
928,Anett,Bettlestone,Cyprus,TN48 5995 5781 0408 6926 9018,false
16,Carter,Robjant,Philippines,NO81 5355 8215 484,true
45,Cassandry,Arthars,Indonesia,FR23 8263 0818 03SO YSEN HK7E Q50,true
706,Jocelyne,Roy,Russia,MT18 FCFO 3144 5ZKF VPDH TX3U MCTB 7LS,false
41,Elysee,Westmancoat,United States,MR20 3553 9988 8286 0262 5862 584,true
182,Jobie,Pflieger,Lebanon,CY71 5290 0450 LJTG OP3S SY9G ANMA,false
800,Christy,Prozescky,Bangladesh,AE32 2608 4159 7612 9542 805,false
749,Bord,Heamus,Poland,ES18 3825 7621 3515 8848 0827,true
429,Mab,McComiskey,Indonesia,FR67 7128 7270 84LQ OI4C 4O28 M71,true
637,Randie,Domonkos,Czech Republic,PT27 6242 8922 3943 2022 0010 7,true
896,Staci,Austing,Indonesia,BH51 MHIJ LBVF 61OE DXWP RF,false
638,Nata,Cantillion,China,DO03 CGU1 7482 2931 6719 6138 1713,false
632,Forest,Franklen,Canada,FR85 5872 6719 05PF M8WG MA1O K28,false
935,Marc,Levesley,Indonesia,FR68 7823 4260 36ZT Q0DA KXCI T04,false
468,Rae,Kumaar,Mexico,BG42 FTFO 5330 18SX UZGI MQ,true
919,Hermann,Rouchy,China,SA96 41HD A7HP G2WP OKES YEPA,false
430,Shurwood,Morsom,Russia,ES80 0040 3475 5707 4877 1302,true
660,Rennie,Radleigh,Croatia,PT48 2720 6684 2391 7406 8890 8,false
397,Marrissa,Sheasby,Niger,MU15 QXLN 0572 9657 6217 3813 009J JC,true
655,Madel,Marcroft,French Polynesia,PT26 9209 1277 1265 7347 1824 9,false
799,Brana,Scroggins,United States,MC58 9706 0767 08XA VWI8 7WML A49,false
786,Gare,Seathwright,Portugal,HR09 9233 1586 8399 2061 3,false
320,Ware,Lamb-shine,China,PT67 1038 6461 2408 1721 5793 3,false
528,Goldarina,De Stoop,Spain,BE16 7584 7107 2096,false
496,Cordula,Bilbee,Greece,CR17 5544 8237 2354 3107 1,true
444,Randall,Fernehough,Poland,BA79 6811 6620 2389 2625,false
544,Gaultiero,Ionnisian,China,MT26 UPRY 2106 0ZEE 2FKX YZHF 8VNJ 5M7,true
115,Mercy,Ravenshaw,China,HU39 9780 6195 4689 1009 5352 1048,true
517,Putnam,Pardi,Nigeria,FR08 9969 5166 988N WNDD HPYA B23,true
849,Karilynn,Pyner,China,LU86 571N JYO8 7DNK WLHP,false
845,Morgan,Schust,Greece,MD42 K1RO RFVI 9SRE F3MH A6RA,false
629,Charissa,Rosiello,China,LU55 316E AEA6 5GYE ZKYM,true
375,Dorotea,Whiteford,Nigeria,AD97 7549 3205 LKNW ZMDM SX2R,false
390,Annabel,Challinor,Mongolia,BR30 4357 9299 1933 0363 0325 379N D,false
321,Maryjo,Deniskevich,Indonesia,FR39 7581 0038 90WU Y3ME 3B2F Y79,false
438,Belicia,Coils,Iran,PK72 QMWR 9PSN WJTH PYVE RIUO,true
331,Vernor,Baroc,Iran,DK05 9648 5260 8946 85,false
617,Emory,Boolsen,Portugal,FR04 9896 7403 78WM S3JD L0DT 609,false
652,Min,Sexty,Colombia,BG74 ZIUI 0584 907W UKML EE,false
645,Idaline,Juste,Poland,NL91 ZJTR 6080 0588 29,true
941,Feliza,O'Fogerty,Philippines,MT75 AOQV 3157 1A59 ALTD 3HT6 YRXR 2DK,true
795,Anetta,Balk,China,CY97 3347 2057 ZRO9 OOBG ZTQJ PZYO,false
692,Brita,Danick,Serbia,CZ82 5880 0836 2272 7910 5433,true
115,Mercy,Ravenshaw,China,HU26 9575 6419 9070 4725 6606 5400,true
612,Marcelo,Farrin,Bosnia and Herzegovina,DE08 3554 8209 2033 9406 69,false
724,Valeda,Unitt,China,FR26 1122 6923 52AQ CLVM VBP4 C95,false
446,Aaron,Mottini,China,FR60 3232 2178 40GL GDXQ XP2J H60,false
807,Parrnell,Burley,Brazil,BR31 8639 3402 2709 0205 7904 322G 1,true
525,Sophronia,Scholcroft,China,MR10 7440 6413 0804 1666 5527 232,false
461,Erminia,Godbolt,Venezuela,RS49 3647 9622 6060 9460 72,true
52,Jim,Boards,France,RO64 GWZR P6KA FQEF IOSM ZOKD,false
560,Beale,Killelea,Yemen,TR70 6363 2WY5 1UE8 NM2J YW2U XK,true
721,Winni,Lightewood,Mexico,CY17 4993 2355 DHL6 HIGW SQQF YJOP,false
322,Basia,Attride,Greece,EE62 1538 7772 8300 6266,false
636,Siobhan,Blakelock,Portugal,DO69 UGU4 3024 5477 3670 9831 4217,false
451,Lira,Houlston,Portugal,GB21 RAMG 1299 9828 4491 41,true
259,Mellicent,Barhams,Cape Verde,IS77 6686 6205 5628 1985 5771 28,false
241,Lillis,Fuggles,China,CY80 0876 4772 CNFK PFOA EQGT IJXW,true
665,Ivar,Rettie,Tanzania,HR89 5340 6377 9967 1818 8,true
708,Analiese,Eschalotte,Brazil,BR36 4706 0471 1721 4454 7668 232U W,false
362,Mariel,Twelftree,Saudi Arabia,EE49 2937 2099 2150 0072,true
812,Cassy,Blackaller,Greece,EE32 7906 5081 9381 7228,false
329,Michele,Winslett,China,SK61 8397 9657 2693 1142 8849,true
38,Martie,Yanshinov,Thailand,RS48 7502 2316 4993 0560 49,false
21,Adriena,Lamport,Argentina,GI57 XOYL HMIJ IEZ0 YTZO 3FQ,true
956,Roobbie,Soggee,France,BR13 6973 6238 8895 4720 1213 384R 1,false
12,Nikolai,McCue,Russia,NL85 GCQP 2900 2494 14,true
976,Blondie,Close,Cameroon,FR14 0795 8028 18CY J6OX QWY1 A71,true
385,Hermie,Kyneton,Czech Republic,NL19 PJXO 9715 5657 90,true
582,Joice,Arderne,Vietnam,FO09 8838 4135 8090 35,false
110,Catharina,Roller,China,IS81 4680 5351 5723 6556 0368 48,true
461,Erminia,Godbolt,Venezuela,FR32 7084 9305 661N SZHS HUDE G99,true
802,Corilla,Corker,Philippines,GR66 5831 0534 CREQ 16JQ Q3CY M1R,true
841,Leila,Letten,China,GL59 3213 6165 2624 56,true
340,Aggi,Lemonnier,Indonesia,GR48 9927 240A IBFT RXRR WCVH SPP,false
155,Lyndel,Tizzard,Vietnam,FR15 6289 1411 077J AP9N DCAR P90,true
642,Lawry,Rowberry,China,DK96 8476 7405 2012 41,false
435,Avram,Coalbran,Russia,ME58 5268 6535 0996 5898 64,true
549,Thurstan,Moat,Philippines,SI15 3952 0995 5544 648,false
713,Meredith,Grogono,Thailand,NL04 NNQT 0139 0707 45,true
924,Mady,Shambrook,China,FR20 0026 0384 01SK SWXC 0OYD R15,false
316,Hervey,Bridges,Czech Republic,FR98 4629 0300 02ZB XYWF C3ON M08,true
696,Seumas,Mobberley,Philippines,FR77 7194 6639 35JO QNI2 TICU S19,true
207,Ree,Waszkiewicz,Philippines,PL24 1373 3540 0354 0688 3478 9761,false
32,Nathalia,Reiners,Tanzania,IE86 NIJZ 5840 5988 4041 42,true
421,Philis,Palke,Greece,FR75 1673 3738 593F JD86 AGRM 209,true
623,Saidee,Clendennen,Indonesia,FR43 6609 6580 73CS FOQC 8LND C61,false
448,Aurilia,McGilvary,Japan,GI68 CNOI T94K CDST U9RB TRR,false
297,Lezley,Ebdin,Netherlands,IS86 5772 6564 2478 1490 6457 86,true
326,Robert,Balazin,China,NO08 9882 1280 238,true
698,Lemmie,Swansborough,Sweden,KW77 ZJKE ZHP8 0W8T QJWM 0WP7 69FB BN,true
462,Bibbie,MacCarrane,Poland,LT61 3528 7878 5354 2890,true
801,Karlen,Giovannacci,Japan,FR28 3590 3638 42CN 6W4D WFLM P65,false
462,Bibbie,MacCarrane,Poland,LI23 5996 4EVM L2OO OMSR 5,false
855,Irwin,Beamson,Portugal,CZ71 9234 0501 5901 7123 1897,false
3,Addie,Abden,Indonesia,AT80 8234 0326 7914 3846,false
251,Jude,Breznovic,Czech Republic,AE70 1176 4995 6664 1188 966,true
675,Violet,Arundel,Bolivia,AE95 6119 1588 7707 5744 342,false
988,Bucky,Micklewright,Sudan,CR38 5651 8091 9742 1233 9,true
728,Danny,Chiechio,Indonesia,CZ29 4662 9416 9227 6226 2633,false
345,Caprice,Viccary,China,IS21 6537 4254 2951 9582 7044 68,true
202,Bill,Roscoe,Peru,KZ19 0109 E9AF HGEG KOYD,true
369,Anabelle,Wrench,Portugal,EE20 6646 7394 0900 1421,false
707,Rodi,Larner,China,FR84 6214 9720 46K2 XBM9 2AC0 O57,false
9,Mellicent,Chasle,Russia,BG70 QWKV 0144 88AK ON3V CM,false
870,Crysta,Muddicliffe,Portugal,RS78 8075 5800 4571 9917 94,true
166,Floyd,Card,Peru,CY61 1471 3269 GYCK AMWO X3VO ST2Z,false
334,Major,Kilfeather,Nigeria,LB92 4874 VID5 JIJT PNEM WRE0 4E3W,false
274,Eberhard,Wallsworth,Peru,BR92 5531 9344 7014 6430 9269 133O J,true
914,Marylee,Sorbey,Norway,NL81 GGQK 1916 9762 33,false
127,Tedda,Stowgill,Russia,CR47 6229 8571 0708 0281 0,false
403,Townie,Jeyness,Poland,AE33 2842 5647 6374 4322 802,true
176,Wyatt,Ubsdell,Mali,AD69 5037 7059 XPWG LWMR XYZK,false
739,Tulley,Glancey,Portugal,CR64 5381 1694 0378 1567 8,true
531,Eunice,Perle,Portugal,PK48 INNK BS63 RWWG IGEP JMPG,true
272,Hilda,Brodeau,China,AL53 4995 6318 F5ER DRWT I3HO UXIW,false
734,Karoly,Allabush,Indonesia,RS81 3896 0676 6586 9120 94,true
189,Cathie,Huscroft,Indonesia,AD14 7104 8661 EFPX 8RWR B8KK,true
408,Wood,Mc Gorley,Ukraine,LI12 2701 14T5 AMPP DUNS Z,true
213,Clari,Hargreave,Sweden,IL74 1294 6247 9271 2714 400,true
443,Jazmin,Lusher,China,DK31 9436 6714 2486 21,true
870,Crysta,Muddicliffe,Portugal,GE31 ZC05 7823 6658 3364 27,false
275,Garwood,Gallaway,China,AD68 9930 4800 C8T2 D9RX 9WJI,false
141,Janenna,Everist,China,HR46 7300 8061 4872 5756 4,true
436,Sloane,Bartkiewicz,Russia,ES59 5547 7399 1529 8434 3639,true
568,Donny,Frugier,China,FR39 2208 3272 85D8 M0MD 8NU0 A78,true
531,Eunice,Perle,Portugal,GT30 A0UZ K5LW BL3C 4IBC LA4B 6Y0M,true
230,Hermann,Ofield,Chile,BA44 4597 2589 1835 9243,true
545,Cahra,McGourty,Brazil,BH16 DHRC RFSB AXD4 RPQQ 1A,false
533,Gertie,Molloy,China,LI83 5504 1TXO AUTG 2SIB F,false
285,Mariele,Librey,Indonesia,FR12 9814 4262 53XM ZCWR NTK6 M27,false
313,Kristopher,Rigney,Nigeria,GI42 IKRW 2PNK B6UW XK0T XRC,false
673,Lucien,Seviour,Colombia,CR72 8090 4322 8463 6882 4,false
200,Quinn,Oxbury,Philippines,FI32 4062 3928 2216 33,true
277,Robinett,Twining,Brazil,MC74 0601 4835 18EU ZFXU UX0Y Z88,false
916,Zelda,Flacknoe,Philippines,NO39 0489 1998 592,false
655,Madel,Marcroft,French Polynesia,PL08 7949 3732 0014 5608 0624 4708,true
957,Nikolaos,Calken,Philippines,AZ79 GKFQ F3L6 GUPB GHW1 23MU LV4G,false
589,Tammara,Pullen,Canada,FR07 1896 0110 06L5 EYHL S0LJ A01,false
768,Hatty,Cavanaugh,Honduras,NO75 3795 5218 318,false
182,Jobie,Pflieger,Lebanon,AT85 3075 1476 1735 1940,true
635,Osborne,Jobbings,American Samoa,GR42 3446 697A EG35 NLHK 4ITW O7T,true
593,Rodie,Abelson,Philippines,FR64 6309 3379 82KY ZKYR D1NZ Q28,true
704,Wilmer,Digle,Russia,LV82 PNDK F7E7 DQND 0IDG D,true
986,Nana,Blundon,Egypt,CR42 6263 7265 8691 1149 5,true
989,Wheeler,Steketee,China,FI86 1137 4951 1032 74,false
4,Nichole,Antill,Thailand,LV73 MPPE EPFW NJBI BXDM A,true
36,Simmonds,Dudbridge,Czech Republic,NL78 JIIQ 0820 1243 51,false
262,Maren,Osgood,Dominican Republic,MC18 9936 5590 71EJ C6WS IGZE R61,false
315,Beitris,Loddy,Kosovo,IE90 FFQJ 3499 1345 9191 39,true
587,Ripley,Sillars,Sweden,MC43 7487 8221 71SQ BXA2 M3NG E00,false
949,Sal,Steketee,China,MK89 797G R5ZZ DXFF H77,false
230,Hermann,Ofield,Chile,RS06 2367 7368 7972 2779 14,true
205,Kath,Bryns,Poland,RO23 UOOA OORN LBXH IJ6R GAGX,false
188,Benedikt,Notton,Indonesia,BR48 6525 3173 6160 7296 5920 457T U,true
816,Alasteir,Schuh,Poland,AZ30 BOZD 4GRL DZGE 0ZMW CYBD JCZD,true
859,Colly,Parnall,Japan,IE76 RZSU 2657 9348 7425 63,true
244,Virginia,Thunderman,Trinidad and Tobago,GR26 9146 162V KFCU FC2B DAK6 48C,false
233,Davidde,Dominichetti,Mexico,ME36 3476 4297 2685 8103 08,false
194,Homerus,Bilbrey,Micronesia,LT55 3910 6582 6418 6839,false
697,Miltie,Niblett,China,AE53 5185 7510 1880 4376 382,false
807,Parrnell,Burley,Brazil,LT73 9776 3952 9299 5173,false
315,Beitris,Loddy,Kosovo,AZ30 MTML Z2F2 BN1P XXLD 75SL V0BQ,false
753,Cassaundra,Benneton,China,FR98 9101 2511 67DD HDHX I5MY L71,true
58,Joellen,Borland,Indonesia,FR62 9595 1506 09ZA V8V4 UBZV N92,true
277,Robinett,Twining,Brazil,FR21 1555 5739 17KV FIX4 P0L0 V01,true
344,Ralina,Akehurst,Colombia,FR10 0033 0818 33HX SEGI H3JO D09,false
178,Sloane,Martynov,Greece,IL27 7732 2736 1235 2496 174,false
965,Kinnie,Sugar,Indonesia,GE68 FB55 6582 7841 5757 66,false
810,Pyotr,Shearsby,Sweden,FR23 3802 7240 08D4 5DYA GV2R P65,true
184,Rafaello,Seedhouse,Azerbaijan,MC25 4434 9991 39YZ 4SQP HI7K N75,false
800,Christy,Prozescky,Bangladesh,GT46 2ZOV AHAD WIXM SBST XCSE N7MG,true
686,Ryann,di Rocca,Thailand,AE61 0360 8536 5608 1537 689,true
883,Enrico,Eates,Philippines,GB51 FNLA 6371 3965 4874 83,false
632,Forest,Franklen,Canada,BH45 QPUO VPXM M4Q9 ESZB UF,true
115,Mercy,Ravenshaw,China,PS97 HBSJ TAEI U4YQ 9OAV QFU3 5HLS L,false
767,Sandor,Mallinder,Argentina,GI87 AZHJ 7UK9 2NXV 0NZZ PMI,false
935,Marc,Levesley,Indonesia,VG10 OLOQ 2591 9260 7747 2627,true
703,Rodrigo,Rosiello,Iran,KZ77 219J R9CE D5JF TMJR,false
736,Jo-ann,Labroue,Brazil,LB26 7202 HDJ7 79PN J2MI BIXU H1LX,false
684,Rex,Deniske,Russia,GR28 2436 663E LBGZ GEPA BC1M FPW,true
640,Bibbie,Ibert,Canada,DK30 6980 6487 5311 85,false
379,Art,Blose,Poland,FR19 4512 7857 91EZ KCUE ZTOH K05,true
186,Sarena,Neligan,Croatia,FR39 2022 1387 78TL WIIB CYHX F07,true
390,Annabel,Challinor,Mongolia,MC77 1703 5930 40TD NP1L IREU T40,false
914,Marylee,Sorbey,Norway,MD76 HA0B IUXR 311B C3HJ CVTX,true
716,Hilary,Haffenden,Poland,LU36 7034 XMFV MX7V NOUV,true
4,Nichole,Antill,Thailand,ME62 3746 8823 4463 4410 69,true
162,Forrester,Highway,Vietnam,DE15 8599 9523 4104 7587 86,true
998,Celestyna,Kille,United States,LT19 6857 0623 9032 6659,true
909,Rosaline,O'Lahy,Thailand,FI44 0814 0074 7432 29,true
539,Virge,Deverock,China,BA23 8058 0292 4426 0473,true
789,Phyllis,Fallanche,China,NO87 7234 9354 912,false
75,Emile,Soigoux,China,LB64 2325 EM7B ZDKO A970 NKRY OA7U,false
992,Pansie,Keohane,Philippines,SM97 Y881 2503 627B MH3A YWKN VVD,true
929,Alfy,Buttrick,Peru,KW69 GYYS TK0S LWRI RDDN BZMX BCFX 2A,false
239,Grissel,Adderley,Portugal,GE23 PK23 2856 6550 3128 44,true
990,Talbert,Compston,China,NO64 1497 1387 840,false
387,Jakie,Yoskowitz,Greece,LB72 4134 BPAN VDX4 0NFL HKMJ YJMV,true
155,Lyndel,Tizzard,Vietnam,DK59 5267 9364 1677 39,true
615,Marietta,Childerley,Poland,GI12 MPYZ OHX6 PU4C DOOI DJO,false
503,Rachele,Rostern,Russia,FR36 0287 0408 30BY WLOJ YNR7 U52,false
904,Hoebart,Bowton,China,SM47 U685 8476 901U XR8E C2WK 6WO,false
669,Cherilynn,Pynner,Portugal,IT10 U419 2798 909M BJ2D PPHJ 1QB,false
620,Heriberto,Hendrich,China,SI44 5673 0749 3255 511,true
232,Gardy,Slaughter,Portugal,HR91 4064 8361 2074 8656 6,true
534,Giustino,Gylle,France,VG17 YHZT 6118 4591 8613 2878,true
524,Laverne,Aistrop,Ukraine,IL61 8588 6865 4306 1461 727,true
392,Talia,McIlmorow,Japan,HU81 6635 5942 4629 3771 7087 5055,false
431,Archy,Trunby,Russia,EE15 2184 8711 5695 7655,false
84,Marco,Hawlgarth,Russia,GE19 CS38 1933 4623 3251 63,true
171,Eda,Brahmer,Brazil,GL38 2715 0179 8239 57,true
108,Kinna,Barnewelle,Argentina,MK94 200D 38WU NZD1 N24,true
422,Richart,Antonchik,Peru,FR86 6732 6206 71IZ J8CO JX1X C16,true
469,Tracey,Pappin,China,ME19 4755 9900 3919 5266 27,true
672,Alwin,Guys,Indonesia,SM33 J181 0646 449H YITY VGJH IBF,false
205,Kath,Bryns,Poland,MU38 AYVA 9927 0400 4072 3735 860C XP,true
801,Karlen,Giovannacci,Japan,GE69 SE91 6256 3210 2140 55,false
15,Karena,Ferreiro,Nicaragua,PL22 2106 5951 8744 6248 1644 4253,true
516,Ferne,Grantham,Russia,FR78 2882 5768 06CN HFIH AFCG 749,false
400,Udale,Matejic,Indonesia,AD81 8332 9823 UGYF 66NM 8SKA,true
988,Bucky,Micklewright,Sudan,SM08 W771 4567 270V 8CUJ UIBI 6PQ,false
740,Keven,Harmond,Tunisia,MU09 LVVV 4484 3992 5590 9261 363K RX,true
742,Cello,Linstead,France,MC45 8784 8556 35AS BIWO MJJI Z50,true
815,Corabelle,Moreby,Cameroon,RS83 4509 6395 2692 8944 02,false
439,Joshuah,Manklow,Brazil,GT36 NUK2 OAVG 7AL7 JJZH RHGC DUGR,false
430,Shurwood,Morsom,Russia,SK20 4377 3530 5751 1464 9031,false
609,Freeman,Bracchi,China,FR62 0112 7969 03IR XXLD YX55 L66,true
250,Marigold,Kidby,China,PS97 ZRSK YIEG R6JJ LINZ DQYS JHR1 U,true
780,Zonda,Sproule,France,FR41 2050 8256 82QG LAVR VHHD A80,true
907,Missy,Neachell,Honduras,PT74 5884 7428 4317 3333 4250 3,true
631,Trix,Berrisford,Thailand,HR60 8270 4269 9648 9735 5,true
795,Anetta,Balk,China,FR62 8044 1340 00TK DURI BAXS T23,false
783,Baxter,Warrick,China,LB24 3190 GDEP HR6I S4Q1 ZHZE KP03,false
907,Missy,Neachell,Honduras,IE76 LSUT 8454 7934 3745 85,true
313,Kristopher,Rigney,Nigeria,PS08 MQLD VWKJ H2ON FOVH HTPQ CJFZ 9,false
123,Torry,Dunsford,Indonesia,FI93 6315 5635 2528 11,true
254,Kinnie,Hubery,China,CY66 0896 3209 QR3Z TX1J CTHL JYZZ,false
487,Merry,Tomaszewicz,Afghanistan,GL40 2944 9029 9032 59,false
687,Kort,Klamp,United States,DO26 XAMK 8169 6023 3187 5134 0443,false
313,Kristopher,Rigney,Nigeria,MD22 4LKV GNZF SHEZ U5NU 1OQG,false
304,Rosita,Kenninghan,China,IE43 RMFR 2331 7656 9144 13,true
265,Blinni,Surtees,China,CY83 6088 3678 BCKL EQ9S SW1R U8VT,false
980,Sergei,Brereton,China,FR07 0669 8556 50ZY 9IDN QX6V 826,false
781,Aylmar,Milington,China,FR53 2261 2348 501R II9O 0BB8 E24,true
7,Aguistin,Jordi,Peru,NL77 VTXG 5675 2829 88,false
160,Mariann,Wetheril,Pakistan,CY03 7398 0817 TRES RQBH BNSS OQB9,false
787,Kimmi,Crasford,Brazil,GI09 KFTC DVZH SPO5 SQ3K IKR,true
473,Wenona,Adamowicz,Australia,VG85 WDIB 2190 4750 9303 4620,true
251,Jude,Breznovic,Czech Republic,DE14 6618 7712 2371 9506 33,true
274,Eberhard,Wallsworth,Peru,IL17 8476 0028 0982 4647 005,false
871,Millard,Tyce,Canada,IT85 W680 6835 436A 90M2 8B3M 3LG,false
205,Kath,Bryns,Poland,IT16 G701 9441 937V 6D2E UC5Q BIN,false
552,Elonore,Carragher,China,FR61 0137 3016 20PX XCHT 2LDQ 379,true
143,Lowe,Prestage,Argentina,SA61 26ZV C41T LMXS EFX8 RUCX,true
197,Barnett,De Pietri,Philippines,RS29 0645 6459 1612 7731 10,true
241,Lillis,Fuggles,China,VG28 GAON 4639 3719 0005 3461,false
70,Dina,Haxley,China,PT38 6788 5289 8434 3699 3150 8,false
613,Skipton,Deluze,Sweden,RS97 4945 0292 7280 3989 32,true
933,Ramona,Caddell,Azerbaijan,CH44 3168 82QL VO7S ROFX I,true
68,Svend,Ianne,Thailand,ES46 8828 7052 1862 6931 8831,true
793,Esdras,Caley,France,DO31 TSNL 8137 6126 3388 7006 1340,false
512,Hallsy,Kitcherside,Philippines,GB10 BIRR 9147 4189 5840 39,true
599,Constantine,Eusden,China,LT02 1935 1196 2075 1060,false
266,Conway,Kighly,Indonesia,KW49 KLZZ KEXZ UJWK ZRKK QZDH DF4G YT,true
465,Savina,Jewster,South Africa,MD82 PCXR EPPT KGI2 0JVA D5BY,false
624,Analise,Lode,France,GL92 6791 9026 5991 50,false
108,Kinna,Barnewelle,Argentina,KW59 NEGT XX4Y AOPF EV8L VQHG UKXF JZ,false
606,Holmes,Fitchet,Indonesia,SM15 J429 8360 456O 82B5 WQ5X DD7,true
917,Gloriana,Doche,Indonesia,SA20 85SI AMWO IF72 H9SA AIMI,true
262,Maren,Osgood,Dominican Republic,RS32 1731 0250 3220 5674 68,true
330,Merissa,Spreadbury,China,NL49 HMKT 2720 1990 47,true
357,Dex,Shimman,Nicaragua,FR94 1796 4185 557Y GYSA IBCO 651,true
941,Feliza,O'Fogerty,Philippines,BG90 SPAL 2315 89DJ RQNM DH,true
597,Gina,O'Dyvoy,Indonesia,BE34 2785 2613 3361,true
51,Gayla,Novak,Indonesia,SA32 85GY YRZV 5PHX GYSE 11LT,true
633,Temple,O'Fihily,Vietnam,HR93 3015 3762 2676 1598 0,true
176,Wyatt,Ubsdell,Mali,AD55 9422 1930 PXFG 8WZM OKBO,true
417,Fannie,Normanville,China,HU17 9566 4938 4348 3091 2563 9928,true
159,Shel,MacCathay,China,HR60 1996 5911 5454 5195 9,false
964,Dewitt,Gounin,China,FI67 9335 4600 6200 87,true
106,Ludovika,Barrow,Ukraine,FI33 4789 6553 6085 56,true
29,Filippa,Boas,Nepal,KW51 BHNL 3OVP ZJMZ 8H0S EV8T RXMT HC,false
33,Justen,Keslake,Ukraine,FR69 3143 9186 26K7 VDJJ 2JNL 686,true
691,Hillier,Gasperi,China,GI35 BSKL XTZS T7S6 JRVS SI5,false
357,Dex,Shimman,Nicaragua,DK25 3162 8344 6992 58,true
443,Jazmin,Lusher,China,AE97 8429 4666 3969 3484 442,false
980,Sergei,Brereton,China,FR66 8006 0929 55RH ZIQR 8WHX M65,true
108,Kinna,Barnewelle,Argentina,ES21 7452 6717 1743 7683 0433,true
302,Thorny,Bessom,Taiwan,FR02 4938 6858 00M3 6ZOD 65JC T24,true
764,Farica,Kiehl,China,IT24 H702 5617 448S 7K3G GVBA T9A,false
7,Aguistin,Jordi,Peru,PS47 DBPY B98J YQBN PS4Y SQSI POUK 4,true
266,Conway,Kighly,Indonesia,AD59 8180 4064 UYSH ZRXN ZDC9,true
142,Hatti,Edelman,Indonesia,CY86 1008 6197 4Z3K HDRN 1CRV KGUS,true
833,Brose,Branchflower,Peru,NL89 GJEZ 4504 8272 52,true
632,Forest,Franklen,Canada,SI48 7991 5429 6966 631,true
117,Patten,Breeds,China,LB39 7806 4CFD H8J0 QIFV DUZE IVGM,false
776,Alan,Studholme,China,MT02 RTZD 7830 0INP 2ELS Z9OI W2U8 KEF,true
217,Lothario,Learmonth,China,DO65 VAES 4500 9020 2928 2326 2242,false
606,Holmes,Fitchet,Indonesia,BR56 5648 2940 1016 8894 9956 898K C,true
337,Maressa,Snellman,China,HR32 8143 2263 4834 0506 6,true
901,Nickolai,Bruna,Portugal,VG33 ATYS 3976 3327 5883 7890,true
461,Erminia,Godbolt,Venezuela,GL20 4278 1938 4605 14,true
175,Jarrett,Khomishin,Iceland,MT06 ZSIK 2000 9F2Y DTWR K0EC BBOO FCK,true
284,Riley,Vignaux,China,GI83 TXVM ESH6 ZHFX YCWQ YPJ,true
684,Rex,Deniske,Russia,ES89 5803 3400 6265 8902 8093,false
59,Ferdy,De Ruggero,China,FR70 4152 4451 50CP N4R3 MVGL P51,true
117,Patten,Breeds,China,LT37 4706 5773 9399 6354,true
666,Kennith,Renfrew,Hungary,MU03 XGJC 8687 6631 8869 5497 976X LX,false
790,Martelle,Kondrachenko,Cuba,ME37 0784 0953 7064 9269 06,true
706,Jocelyne,Roy,Russia,FR56 8374 4379 94CA VPML OVT5 W04,true
322,Basia,Attride,Greece,KW09 JQWL RAHM Z0BP L3UJ BT5C LAWP I2,true
477,Suzie,Greenig,Russia,FR26 4363 2280 97CY D1CR 9MHE 879,false
850,Thatcher,Malek,China,FR34 2340 6552 8045 5RGF JSRY W91,false
895,Donella,Bewlie,France,FR93 0083 9447 899D VNFS I9D4 W38,true
521,Lynda,Manley,Nauru,GR88 2617 161P VSGM ZP3Q SA8I OPO,false
948,Leola,Durrance,Brazil,AD46 8704 5420 OLAL SX2B P5KL,false
77,Therine,Espie,China,GB93 PJPI 0470 2266 0350 03,true
146,Chicky,Roberto,Russia,LT74 2463 9481 9798 0236,true
711,Elaina,Chittock,Brazil,SM82 F328 3129 035Y R4UJ 5N7A LPZ,true
389,Grissel,Whitta,Senegal,HR26 4013 8565 3964 2126 9,true
833,Brose,Branchflower,Peru,MK74 417U 0OJI GWJU T29,false
125,Tedi,Polino,Serbia,MK06 8526 8BOX ENE5 Y28,true
430,Shurwood,Morsom,Russia,NL24 YIFE 7677 7993 15,true
323,Tiffie,Collman,Albania,RO08 APYI TJBV C9AC 1IKH L8CT,true
603,Lyndel,Rojahn,Bangladesh,CZ96 2705 7126 3643 7191 9446,false
303,Florance,McCrohon,Poland,AL30 5123 0192 NSMA T0EX UCZ3 LHUY,false
745,Kelvin,Petrusch,China,HU14 7369 8119 3873 9870 4796 3487,false
999,Dwayne,Janz,Poland,SK41 2057 4931 1579 6607 7719,false
505,Shaun,Stigell,Philippines,IS12 2285 2207 9760 6328 8093 84,false
540,Valaree,Ties,China,FR78 8262 2338 83VX QU1N CMT1 F33,true
111,Cash,Berisford,Greece,FR58 6550 3062 57ZW KNPM XNYZ B89,false
269,Elise,Verbruggen,China,MC85 6620 1344 82P4 AT2D G3FT V05,false
573,Luelle,Battye,Portugal,PT22 0255 8641 8714 6106 7229 6,false
539,Virge,Deverock,China,RS25 1487 3791 1348 8677 74,false
198,Jazmin,Mouat,Czech Republic,MR68 1935 1828 3691 7161 7423 574,false
936,Elbertina,Gerry,Sierra Leone,GR39 7059 1190 XLKR WYXI RFKG HDU,true
383,Layne,Kerrigan,Nigeria,HU23 2718 0649 1661 6030 1334 7680,false
499,Dorelle,Highwood,China,VG81 WCOI 1171 3423 4274 9324,true
717,Consolata,Hails,Poland,LU42 7104 0D65 EAJM VTKX,true
442,Kris,Morais,China,LV38 LREH CQLM JIND QRTH Q,true
471,Ula,Prangnell,Honduras,CH90 1547 1BY7 LVKD QPYS H,true
239,Grissel,Adderley,Portugal,BA23 7448 2223 7169 0613,false
758,Maryjo,Bull,Portugal,NL30 TEOQ 5314 0890 14,false
11,Tatum,Taylot,Colombia,MK18 610Y 6ZQR TOSV F45,true
58,Joellen,Borland,Indonesia,MC45 8606 5709 09WA 2T65 RHNY 264,false
614,Sigismundo,Wreiford,Indonesia,NO18 2531 8122 588,false
651,Dode,Dunsmuir,Nigeria,MU57 FBSY 2187 0166 4164 4476 856S YO,false
638,Nata,Cantillion,China,GR50 8920 583Y VXPJ BOQ1 XNBJ 9RJ,false
288,Krispin,Brislan,Kazakhstan,MD44 F3DO 6OIH XCVJ J7MP 2BE0,false
529,Inge,Dell Casa,Vietnam,BH94 FXDC 13AA 9OYH AUT2 KC,true
853,Arlyne,Dilloway,China,FR83 6565 3157 04VR AZPU MI51 P84,false
598,Orland,Vallack,Pakistan,BR44 9793 4954 8315 1672 4304 431J P,false
26,Licha,Chessil,Sweden,FR87 0471 4120 12LP AOXR MTM9 Y86,false
180,Erma,Grigorescu,Vietnam,LU88 831L K6D6 3A5G 0FR4,true
744,Etienne,Wenban,Iran,HU83 1977 7591 2006 6647 9999 2087,true
499,Dorelle,Highwood,China,FR76 9434 8913 69DO YPUW FD1I F41,false
433,Alf,Rodgman,Greece,FR84 5911 6921 92NT 28DI GGTO K69,false
973,Husain,Girodier,Vietnam,FR53 0611 0666 99P7 KYEH GDUQ 450,true
965,Kinnie,Sugar,Indonesia,DO68 WNCG 7868 8202 5444 6951 4513,true
146,Chicky,Roberto,Russia,GE27 SY83 9706 7898 0230 32,false
345,Caprice,Viccary,China,TR94 0236 7V5O LGL0 MVPV FUNA EQ,true
29,Filippa,Boas,Nepal,BG49 XEAJ 7721 40AC ZFGJ VP,false
373,Mercy,Langmead,Indonesia,AT52 5097 9420 3334 9394,true
120,Arni,Langcastle,Western Sahara,RO56 UZCF CTIU WDHS BDCQ A9WF,true
547,Morgan,Woodhead,Indonesia,FR46 6549 9699 66SA DLPE PJKR G98,true
616,Chan,Bowcock,Republic of the Congo,BG75 FSWE 1421 72EC CHCS 14,true
585,Bo,Meikle,Malaysia,AD74 9320 7767 EB5B 4B0V RHLJ,false
781,Aylmar,Milington,China,AT53 5892 4143 0117 6006,false
992,Pansie,Keohane,Philippines,IS14 6870 2764 8910 7830 4620 01,false
76,Natalya,Beardon,Indonesia,FR56 7769 0702 71N0 OVAV SSEA K25,true
660,Rennie,Radleigh,Croatia,FI86 6895 6164 2472 88,true
324,Ranice,Winnard,China,GR72 7998 288V T1PU YJJ3 XCRE 0I9,false
362,Mariel,Twelftree,Saudi Arabia,FR44 1887 1864 85NL ASSF M7ZL N87,false
209,Dillon,Warmington,Indonesia,ME95 2653 5900 4104 5566 52,false
857,Esdras,Gresswell,France,HR28 4475 0522 9570 7597 1,false
958,Raff,Harsent,China,FR98 1293 3419 93XL 0NTN 8HNT 904,true
277,Robinett,Twining,Brazil,FI43 4905 3584 3438 40,true
79,Johannes,Grimston,Indonesia,RO85 GAEX W71C QXZC FHWP QHUA,false
894,Emmet,Crisford,Sweden,FR29 9349 8045 79X7 2VQN DINH Q36,true
93,Mill,Meiklejohn,Philippines,LU42 122K E6YW 4WHY 5WH3,true
393,Katalin,Late,China,BE29 0600 3084 2276,true
503,Rachele,Rostern,Russia,HU16 9435 5114 2548 8459 6639 4920,false
217,Lothario,Learmonth,China,HR14 3819 5001 1229 2195 7,false
111,Cash,Berisford,Greece,FR08 1982 2817 78TP 313E XMDC R34,false
151,Babita,Chawkley,Philippines,CH88 8415 4T95 FERH 5P4O 3,false
696,Seumas,Mobberley,Philippines,BE60 4795 6895 5536,true
628,Corilla,Greenside,China,HR90 8903 9553 9338 8271 3,true
280,Mace,Hughlock,France,MT87 VUHI 3322 1FXB T7JD HJIL GODX V0L,true
928,Anett,Bettlestone,Cyprus,BH07 ZQNI POTM QQCD WRLA A6,true
847,Arielle,Tysack,Russia,HR30 5780 5091 0477 5124 8,false
650,Theodore,Hunnicot,Philippines,MC75 7820 4878 63QQ XVGW 56LH 223,false
322,Basia,Attride,Greece,ES36 5574 1999 5608 6630 5067,true
181,Ryley,Harbard,China,FR68 0343 0164 28BP VL4C X2HL C56,false
435,Avram,Coalbran,Russia,FR62 8979 4217 29PE EUBM U1V1 U41,false
62,Dina,Amorts,Myanmar,NL82 ZKDP 2181 0681 09,false
961,Dulsea,Kipling,Canada,FR81 0550 2406 87ZZ NFF1 OZJK Q89,true
34,Julie,Mawdsley,China,GB57 JKJF 9547 8842 7953 89,false
978,Andra,Burgis,Mongolia,MU56 MNQE 2689 3920 0551 6729 473D BK,false
22,Korney,Keymer,Ukraine,CZ87 7875 2397 7775 4975 3038,false
305,Hamlen,Reignard,Philippines,HU32 3054 3375 8429 9709 2297 4179,false
234,Benedetta,Tithacott,Philippines,LU13 602C RT6K GPEU PAYH,true
907,Missy,Neachell,Honduras,MT27 CSHH 6198 2OO8 CYT5 4CNN OUCZ WLY,true
116,Filip,Linklet,Kazakhstan,AZ56 HVZM BJMW 1UJY BOP7 ETRD C2HB,true
207,Ree,Waszkiewicz,Philippines,FI49 4654 6794 3011 77,false
39,Libbi,Impson,Philippines,BH22 XALQ BTAO TUWS 4WY4 LH,false
876,Coletta,Deer,Thailand,IE04 TQCD 0645 7473 3110 01,true
702,Haroun,Redhead,Greece,FR63 8921 4711 40P4 XBNP FEDV O39,false
765,Hurley,Hardwich,United States,HR44 2231 1989 7710 6245 0,false
705,Gordy,Pickersail,Slovenia,GI59 DTMI R3SH OSEV 1GWY KVK,true
842,Conrade,Dauney,Thailand,CZ47 6267 1325 2996 7314 3085,true
367,Kizzie,Strathman,Russia,BH26 YMOI DGOA ETPV A76M 6Q,false
50,Leonidas,Gregorace,Afghanistan,FR13 9999 4974 67YA PIM0 6BYH L05,false
336,Dorette,Checo,China,BA76 2060 4539 7513 5326,false
62,Dina,Amorts,Myanmar,NO83 4157 0097 774,true
81,Hallsy,Fevier,Greece,GI80 SZCC FF3Y SNU0 MDB9 TUJ,false
28,Jade,Trinder,Sweden,SK21 2457 5979 4839 7853 9461,false
844,Myca,Osgar,China,AD39 1155 4454 XMPO L3O9 LZMF,true
336,Dorette,Checo,China,AL41 8926 2544 5O3I BFRL 1R1T ZJHP,true
481,Reynold,Croser,China,AT36 3835 9813 2844 7723,false
634,Arlen,Stowgill,China,MD48 JOBP 3V2O S57B VCGQ YUSU,false
169,Mata,Skelhorn,Indonesia,FR86 8674 1787 92IC 11CD KDSO M89,true
743,Hazel,Flatt,China,VG16 XPAJ 7179 3555 0952 1983,false
954,Adel,Newing,Jordan,LV73 TGVS 9LR6 QL5D IUQK G,true
219,Law,Wealleans,Russia,HU84 9445 1490 7862 8370 0566 9464,true
214,Renelle,Burlingame,Indonesia,VG54 BYQJ 4428 0333 6264 7597,true
839,Welby,Itzhayek,Poland,FR18 1624 9673 65BV BKOW AU8M Z16,false
850,Thatcher,Malek,China,AE29 7401 3220 7680 6493 525,true
536,Manda,Tixier,Haiti,FO59 4323 0898 2227 20,false
428,Gayleen,Mellody,Brazil,HR57 9025 4074 4928 9701 9,true
973,Husain,Girodier,Vietnam,LU36 691I Z057 OUOO 7NF1,false
623,Saidee,Clendennen,Indonesia,FR86 9908 9125 50BC G3C3 FUR7 736,true
31,Nerty,Lashley,China,GI83 YRIO IUOK CZBQ 3IR9 GBK,true
609,Freeman,Bracchi,China,CY30 4903 2177 8UBC KTAG ZH6W 907P,false
75,Emile,Soigoux,China,BG41 TEZJ 2632 58DB QT3Y GR,true
228,Dana,Daniell,Indonesia,SE38 5086 8673 0226 8090 5507,true
662,Peadar,Maddox,China,FI35 0255 7572 4436 91,false
548,Sindee,Cattrell,Russia,LT74 1746 2343 1177 6451,false
980,Sergei,Brereton,China,PL87 4491 3621 9622 5274 9250 1573,true
102,Elwood,Ebbins,Belarus,GB03 MBMU 8331 8983 1233 66,false
554,Tracey,Hollyard,Brazil,AE51 6575 8453 4408 4931 049,false
394,Ninnetta,Luton,China,GR04 1333 895B 60QS EZHV 2UZY MIZ,true
53,Woodrow,Drummer,France,RS57 1597 7623 0086 5066 90,true
102,Elwood,Ebbins,Belarus,AE63 5628 3875 5004 0505 629,true
389,Grissel,Whitta,Senegal,DK07 4168 7788 4309 48,false
803,Keslie,Liebrecht,Indonesia,KW70 CKWJ C54V MOKS ZWA4 2PIG 8AQ1 XA,false
73,Tania,Dockwray,Finland,AE11 3570 5821 4676 1118 385,true
303,Florance,McCrohon,Poland,GL83 0454 3854 7683 63,false
932,Darda,Melly,Indonesia,GR27 9579 325R EY2Y JDWI MVHV AFM,false
802,Corilla,Corker,Philippines,CH56 3318 7UO3 H29M TCQC I,false
